data,dummy
01/01/92,X
02/01/92,X
03/01/92,X
04/01/92,X
05/01/92,X
06/01/92,X
07/01/92,X
08/01/92,X
09/01/92,X
10/01/92,X
11/01/92,X
12/01/92,X
13/01/92,X
14/01/92,X
15/01/92,X
16/01/92,X
17/01/92,X
18/01/92,X
19/01/92,X
20/01/92,X
21/01/92,X
22/01/92,X
23/01/92,X
24/01/92,X
25/01/92,X
26/01/92,X
27/01/92,X
28/01/92,X
29/01/92,X
30/01/92,X
31/01/92,X
01/02/92,X
02/02/92,X
03/02/92,X
04/02/92,X
05/02/92,X
06/02/92,X
07/02/92,X
08/02/92,X
09/02/92,X
10/02/92,X
11/02/92,X
12/02/92,X
13/02/92,X
14/02/92,X
15/02/92,X
16/02/92,X
17/02/92,X
18/02/92,X
19/02/92,X
20/02/92,X
21/02/92,X
22/02/92,X
23/02/92,X
24/02/92,X
25/02/92,X
26/02/92,X
27/02/92,X
28/02/92,X
29/02/92,X
01/03/92,X
02/03/92,X
03/03/92,X
04/03/92,X
05/03/92,X
06/03/92,X
07/03/92,X
08/03/92,X
09/03/92,X
10/03/92,X
11/03/92,X
12/03/92,X
13/03/92,X
14/03/92,X
15/03/92,X
16/03/92,X
17/03/92,X
18/03/92,X
19/03/92,X
20/03/92,X
21/03/92,X
22/03/92,X
23/03/92,X
24/03/92,X
25/03/92,X
26/03/92,X
27/03/92,X
28/03/92,X
29/03/92,X
30/03/92,X
31/03/92,X
01/04/92,X
02/04/92,X
03/04/92,X
04/04/92,X
05/04/92,X
06/04/92,X
07/04/92,X
08/04/92,X
09/04/92,X
10/04/92,X
11/04/92,X
12/04/92,X
13/04/92,X
14/04/92,X
15/04/92,X
16/04/92,X
17/04/92,X
18/04/92,X
19/04/92,X
20/04/92,X
21/04/92,X
22/04/92,X
23/04/92,X
24/04/92,X
25/04/92,X
26/04/92,X
27/04/92,X
28/04/92,X
29/04/92,X
30/04/92,X
01/05/92,X
02/05/92,X
03/05/92,X
04/05/92,X
05/05/92,X
06/05/92,X
07/05/92,X
08/05/92,X
09/05/92,X
10/05/92,X
11/05/92,X
12/05/92,X
13/05/92,X
14/05/92,X
15/05/92,X
16/05/92,X
17/05/92,X
18/05/92,X
19/05/92,X
20/05/92,X
21/05/92,X
22/05/92,X
23/05/92,X
24/05/92,X
25/05/92,X
26/05/92,X
27/05/92,X
28/05/92,X
29/05/92,X
30/05/92,X
31/05/92,X
01/06/92,X
02/06/92,X
03/06/92,X
04/06/92,X
05/06/92,X
06/06/92,X
07/06/92,X
08/06/92,X
09/06/92,X
10/06/92,X
11/06/92,X
12/06/92,X
13/06/92,X
14/06/92,X
15/06/92,X
16/06/92,X
17/06/92,X
18/06/92,X
19/06/92,X
20/06/92,X
21/06/92,X
22/06/92,X
23/06/92,X
24/06/92,X
25/06/92,X
26/06/92,X
27/06/92,X
28/06/92,X
29/06/92,X
30/06/92,X
01/07/92,X
02/07/92,X
03/07/92,X
04/07/92,X
05/07/92,X
06/07/92,X
07/07/92,X
08/07/92,X
09/07/92,X
10/07/92,X
11/07/92,X
12/07/92,X
13/07/92,X
14/07/92,X
15/07/92,X
16/07/92,X
17/07/92,X
18/07/92,X
19/07/92,X
20/07/92,X
21/07/92,X
22/07/92,X
23/07/92,X
24/07/92,X
25/07/92,X
26/07/92,X
27/07/92,X
28/07/92,X
29/07/92,X
30/07/92,X
31/07/92,X
01/08/92,X
02/08/92,X
03/08/92,X
04/08/92,X
05/08/92,X
06/08/92,X
07/08/92,X
08/08/92,X
09/08/92,X
10/08/92,X
11/08/92,X
12/08/92,X
13/08/92,X
14/08/92,X
15/08/92,X
16/08/92,X
17/08/92,X
18/08/92,X
19/08/92,X
20/08/92,X
21/08/92,X
22/08/92,X
23/08/92,X
24/08/92,X
25/08/92,X
26/08/92,X
27/08/92,X
28/08/92,X
29/08/92,X
30/08/92,X
31/08/92,X
01/09/92,X
02/09/92,X
03/09/92,X
04/09/92,X
05/09/92,X
06/09/92,X
07/09/92,X
08/09/92,X
09/09/92,X
10/09/92,X
11/09/92,X
12/09/92,X
13/09/92,X
14/09/92,X
15/09/92,X
16/09/92,X
17/09/92,X
18/09/92,X
19/09/92,X
20/09/92,X
21/09/92,X
22/09/92,X
23/09/92,X
24/09/92,X
25/09/92,X
26/09/92,X
27/09/92,X
28/09/92,X
29/09/92,X
30/09/92,X
01/10/92,X
02/10/92,X
03/10/92,X
04/10/92,X
05/10/92,X
06/10/92,X
07/10/92,X
08/10/92,X
09/10/92,X
10/10/92,X
11/10/92,X
12/10/92,X
13/10/92,X
14/10/92,X
15/10/92,X
16/10/92,X
17/10/92,X
18/10/92,X
19/10/92,X
20/10/92,X
21/10/92,X
22/10/92,X
23/10/92,X
24/10/92,X
25/10/92,X
26/10/92,X
27/10/92,X
28/10/92,X
29/10/92,X
30/10/92,X
31/10/92,X
01/11/92,X
02/11/92,X
03/11/92,X
04/11/92,X
05/11/92,X
06/11/92,X
07/11/92,X
08/11/92,X
09/11/92,X
10/11/92,X
11/11/92,X
12/11/92,X
13/11/92,X
14/11/92,X
15/11/92,X
16/11/92,X
17/11/92,X
18/11/92,X
19/11/92,X
20/11/92,X
21/11/92,X
22/11/92,X
23/11/92,X
24/11/92,X
25/11/92,X
26/11/92,X
27/11/92,X
28/11/92,X
29/11/92,X
30/11/92,X
01/12/92,X
02/12/92,X
03/12/92,X
04/12/92,X
05/12/92,X
06/12/92,X
07/12/92,X
08/12/92,X
09/12/92,X
10/12/92,X
11/12/92,X
12/12/92,X
13/12/92,X
14/12/92,X
15/12/92,X
16/12/92,X
17/12/92,X
18/12/92,X
19/12/92,X
20/12/92,X
21/12/92,X
22/12/92,X
23/12/92,X
24/12/92,X
25/12/92,X
26/12/92,X
27/12/92,X
28/12/92,X
29/12/92,X
30/12/92,X
31/12/92,X
01/01/93,X
02/01/93,X
03/01/93,X
04/01/93,X
05/01/93,X
06/01/93,X
07/01/93,X
08/01/93,X
09/01/93,X
10/01/93,X
11/01/93,X
12/01/93,X
13/01/93,X
14/01/93,X
15/01/93,X
16/01/93,X
17/01/93,X
18/01/93,X
19/01/93,X
20/01/93,X
21/01/93,X
22/01/93,X
23/01/93,X
24/01/93,X
25/01/93,X
26/01/93,X
27/01/93,X
28/01/93,X
29/01/93,X
30/01/93,X
31/01/93,X
01/02/93,X
02/02/93,X
03/02/93,X
04/02/93,X
05/02/93,X
06/02/93,X
07/02/93,X
08/02/93,X
09/02/93,X
10/02/93,X
11/02/93,X
12/02/93,X
13/02/93,X
14/02/93,X
15/02/93,X
16/02/93,X
17/02/93,X
18/02/93,X
19/02/93,X
20/02/93,X
21/02/93,X
22/02/93,X
23/02/93,X
24/02/93,X
25/02/93,X
26/02/93,X
27/02/93,X
28/02/93,X
01/03/93,X
02/03/93,X
03/03/93,X
04/03/93,X
05/03/93,X
06/03/93,X
07/03/93,X
08/03/93,X
09/03/93,X
10/03/93,X
11/03/93,X
12/03/93,X
13/03/93,X
14/03/93,X
15/03/93,X
16/03/93,X
17/03/93,X
18/03/93,X
19/03/93,X
20/03/93,X
21/03/93,X
22/03/93,X
23/03/93,X
24/03/93,X
25/03/93,X
26/03/93,X
27/03/93,X
28/03/93,X
29/03/93,X
30/03/93,X
31/03/93,X
01/04/93,X
02/04/93,X
03/04/93,X
04/04/93,X
05/04/93,X
06/04/93,X
07/04/93,X
08/04/93,X
09/04/93,X
10/04/93,X
11/04/93,X
12/04/93,X
13/04/93,X
14/04/93,X
15/04/93,X
16/04/93,X
17/04/93,X
18/04/93,X
19/04/93,X
20/04/93,X
21/04/93,X
22/04/93,X
23/04/93,X
24/04/93,X
25/04/93,X
26/04/93,X
27/04/93,X
28/04/93,X
29/04/93,X
30/04/93,X
01/05/93,X
02/05/93,X
03/05/93,X
04/05/93,X
05/05/93,X
06/05/93,X
07/05/93,X
08/05/93,X
09/05/93,X
10/05/93,X
11/05/93,X
12/05/93,X
13/05/93,X
14/05/93,X
15/05/93,X
16/05/93,X
17/05/93,X
18/05/93,X
19/05/93,X
20/05/93,X
21/05/93,X
22/05/93,X
23/05/93,X
24/05/93,X
25/05/93,X
26/05/93,X
27/05/93,X
28/05/93,X
29/05/93,X
30/05/93,X
31/05/93,X
01/06/93,X
02/06/93,X
03/06/93,X
04/06/93,X
05/06/93,X
06/06/93,X
07/06/93,X
08/06/93,X
09/06/93,X
10/06/93,X
11/06/93,X
12/06/93,X
13/06/93,X
14/06/93,X
15/06/93,X
16/06/93,X
17/06/93,X
18/06/93,X
19/06/93,X
20/06/93,X
21/06/93,X
22/06/93,X
23/06/93,X
24/06/93,X
25/06/93,X
26/06/93,X
27/06/93,X
28/06/93,X
29/06/93,X
30/06/93,X
01/07/93,X
02/07/93,X
03/07/93,X
04/07/93,X
05/07/93,X
06/07/93,X
07/07/93,X
08/07/93,X
09/07/93,X
10/07/93,X
11/07/93,X
12/07/93,X
13/07/93,X
14/07/93,X
15/07/93,X
16/07/93,X
17/07/93,X
18/07/93,X
19/07/93,X
20/07/93,X
21/07/93,X
22/07/93,X
23/07/93,X
24/07/93,X
25/07/93,X
26/07/93,X
27/07/93,X
28/07/93,X
29/07/93,X
30/07/93,X
31/07/93,X
01/08/93,X
02/08/93,X
03/08/93,X
04/08/93,X
05/08/93,X
06/08/93,X
07/08/93,X
08/08/93,X
09/08/93,X
10/08/93,X
11/08/93,X
12/08/93,X
13/08/93,X
14/08/93,X
15/08/93,X
16/08/93,X
17/08/93,X
18/08/93,X
19/08/93,X
20/08/93,X
21/08/93,X
22/08/93,X
23/08/93,X
24/08/93,X
25/08/93,X
26/08/93,X
27/08/93,X
28/08/93,X
29/08/93,X
30/08/93,X
31/08/93,X
01/09/93,X
02/09/93,X
03/09/93,X
04/09/93,X
05/09/93,X
06/09/93,X
07/09/93,X
08/09/93,X
09/09/93,X
10/09/93,X
11/09/93,X
12/09/93,X
13/09/93,X
14/09/93,X
15/09/93,X
16/09/93,X
17/09/93,X
18/09/93,X
19/09/93,X
20/09/93,X
21/09/93,X
22/09/93,X
23/09/93,X
24/09/93,X
25/09/93,X
26/09/93,X
27/09/93,X
28/09/93,X
29/09/93,X
30/09/93,X
01/10/93,X
02/10/93,X
03/10/93,X
04/10/93,X
05/10/93,X
06/10/93,X
07/10/93,X
08/10/93,X
09/10/93,X
10/10/93,X
11/10/93,X
12/10/93,X
13/10/93,X
14/10/93,X
15/10/93,X
16/10/93,X
17/10/93,X
18/10/93,X
19/10/93,X
20/10/93,X
21/10/93,X
22/10/93,X
23/10/93,X
24/10/93,X
25/10/93,X
26/10/93,X
27/10/93,X
28/10/93,X
29/10/93,X
30/10/93,X
31/10/93,X
01/11/93,X
02/11/93,X
03/11/93,X
04/11/93,X
05/11/93,X
06/11/93,X
07/11/93,X
08/11/93,X
09/11/93,X
10/11/93,X
11/11/93,X
12/11/93,X
13/11/93,X
14/11/93,X
15/11/93,X
16/11/93,X
17/11/93,X
18/11/93,X
19/11/93,X
20/11/93,X
21/11/93,X
22/11/93,X
23/11/93,X
24/11/93,X
25/11/93,X
26/11/93,X
27/11/93,X
28/11/93,X
29/11/93,X
30/11/93,X
01/12/93,X
02/12/93,X
03/12/93,X
04/12/93,X
05/12/93,X
06/12/93,X
07/12/93,X
08/12/93,X
09/12/93,X
10/12/93,X
11/12/93,X
12/12/93,X
13/12/93,X
14/12/93,X
15/12/93,X
16/12/93,X
17/12/93,X
18/12/93,X
19/12/93,X
20/12/93,X
21/12/93,X
22/12/93,X
23/12/93,X
24/12/93,X
25/12/93,X
26/12/93,X
27/12/93,X
28/12/93,X
29/12/93,X
30/12/93,X
31/12/93,X
01/01/94,X
02/01/94,X
03/01/94,X
04/01/94,X
05/01/94,X
06/01/94,X
07/01/94,X
08/01/94,X
09/01/94,X
10/01/94,X
11/01/94,X
12/01/94,X
13/01/94,X
14/01/94,X
15/01/94,X
16/01/94,X
17/01/94,X
18/01/94,X
19/01/94,X
20/01/94,X
21/01/94,X
22/01/94,X
23/01/94,X
24/01/94,X
25/01/94,X
26/01/94,X
27/01/94,X
28/01/94,X
29/01/94,X
30/01/94,X
31/01/94,X
01/02/94,X
02/02/94,X
03/02/94,X
04/02/94,X
05/02/94,X
06/02/94,X
07/02/94,X
08/02/94,X
09/02/94,X
10/02/94,X
11/02/94,X
12/02/94,X
13/02/94,X
14/02/94,X
15/02/94,X
16/02/94,X
17/02/94,X
18/02/94,X
19/02/94,X
20/02/94,X
21/02/94,X
22/02/94,X
23/02/94,X
24/02/94,X
25/02/94,X
26/02/94,X
27/02/94,X
28/02/94,X
01/03/94,X
02/03/94,X
03/03/94,X
04/03/94,X
05/03/94,X
06/03/94,X
07/03/94,X
08/03/94,X
09/03/94,X
10/03/94,X
11/03/94,X
12/03/94,X
13/03/94,X
14/03/94,X
15/03/94,X
16/03/94,X
17/03/94,X
18/03/94,X
19/03/94,X
20/03/94,X
21/03/94,X
22/03/94,X
23/03/94,X
24/03/94,X
25/03/94,X
26/03/94,X
27/03/94,X
28/03/94,X
29/03/94,X
30/03/94,X
31/03/94,X
01/04/94,X
02/04/94,X
03/04/94,X
04/04/94,X
05/04/94,X
06/04/94,X
07/04/94,X
08/04/94,X
09/04/94,X
10/04/94,X
11/04/94,X
12/04/94,X
13/04/94,X
14/04/94,X
15/04/94,X
16/04/94,X
17/04/94,X
18/04/94,X
19/04/94,X
20/04/94,X
21/04/94,X
22/04/94,X
23/04/94,X
24/04/94,X
25/04/94,X
26/04/94,X
27/04/94,X
28/04/94,X
29/04/94,X
30/04/94,X
01/05/94,X
02/05/94,X
03/05/94,X
04/05/94,X
05/05/94,X
06/05/94,X
07/05/94,X
08/05/94,X
09/05/94,X
10/05/94,X
11/05/94,X
12/05/94,X
13/05/94,X
14/05/94,X
15/05/94,X
16/05/94,X
17/05/94,X
18/05/94,X
19/05/94,X
20/05/94,X
21/05/94,X
22/05/94,X
23/05/94,X
24/05/94,X
25/05/94,X
26/05/94,X
27/05/94,X
28/05/94,X
29/05/94,X
30/05/94,X
31/05/94,X
01/06/94,X
02/06/94,X
03/06/94,X
04/06/94,X
05/06/94,X
06/06/94,X
07/06/94,X
08/06/94,X
09/06/94,X
10/06/94,X
11/06/94,X
12/06/94,X
13/06/94,X
14/06/94,X
15/06/94,X
16/06/94,X
17/06/94,X
18/06/94,X
19/06/94,X
20/06/94,X
21/06/94,X
22/06/94,X
23/06/94,X
24/06/94,X
25/06/94,X
26/06/94,X
27/06/94,X
28/06/94,X
29/06/94,X
30/06/94,X
01/07/94,X
02/07/94,X
03/07/94,X
04/07/94,X
05/07/94,X
06/07/94,X
07/07/94,X
08/07/94,X
09/07/94,X
10/07/94,X
11/07/94,X
12/07/94,X
13/07/94,X
14/07/94,X
15/07/94,X
16/07/94,X
17/07/94,X
18/07/94,X
19/07/94,X
20/07/94,X
21/07/94,X
22/07/94,X
23/07/94,X
24/07/94,X
25/07/94,X
26/07/94,X
27/07/94,X
28/07/94,X
29/07/94,X
30/07/94,X
31/07/94,X
01/08/94,X
02/08/94,X
03/08/94,X
04/08/94,X
05/08/94,X
06/08/94,X
07/08/94,X
08/08/94,X
09/08/94,X
10/08/94,X
11/08/94,X
12/08/94,X
13/08/94,X
14/08/94,X
15/08/94,X
16/08/94,X
17/08/94,X
18/08/94,X
19/08/94,X
20/08/94,X
21/08/94,X
22/08/94,X
23/08/94,X
24/08/94,X
25/08/94,X
26/08/94,X
27/08/94,X
28/08/94,X
29/08/94,X
30/08/94,X
31/08/94,X
01/09/94,X
02/09/94,X
03/09/94,X
04/09/94,X
05/09/94,X
06/09/94,X
07/09/94,X
08/09/94,X
09/09/94,X
10/09/94,X
11/09/94,X
12/09/94,X
13/09/94,X
14/09/94,X
15/09/94,X
16/09/94,X
17/09/94,X
18/09/94,X
19/09/94,X
20/09/94,X
21/09/94,X
22/09/94,X
23/09/94,X
24/09/94,X
25/09/94,X
26/09/94,X
27/09/94,X
28/09/94,X
29/09/94,X
30/09/94,X
01/10/94,X
02/10/94,X
03/10/94,X
04/10/94,X
05/10/94,X
06/10/94,X
07/10/94,X
08/10/94,X
09/10/94,X
10/10/94,X
11/10/94,X
12/10/94,X
13/10/94,X
14/10/94,X
15/10/94,X
16/10/94,X
17/10/94,X
18/10/94,X
19/10/94,X
20/10/94,X
21/10/94,X
22/10/94,X
23/10/94,X
24/10/94,X
25/10/94,X
26/10/94,X
27/10/94,X
28/10/94,X
29/10/94,X
30/10/94,X
31/10/94,X
01/11/94,X
02/11/94,X
03/11/94,X
04/11/94,X
05/11/94,X
06/11/94,X
07/11/94,X
08/11/94,X
09/11/94,X
10/11/94,X
11/11/94,X
12/11/94,X
13/11/94,X
14/11/94,X
15/11/94,X
16/11/94,X
17/11/94,X
18/11/94,X
19/11/94,X
20/11/94,X
21/11/94,X
22/11/94,X
23/11/94,X
24/11/94,X
25/11/94,X
26/11/94,X
27/11/94,X
28/11/94,X
29/11/94,X
30/11/94,X
01/12/94,X
02/12/94,X
03/12/94,X
04/12/94,X
05/12/94,X
06/12/94,X
07/12/94,X
08/12/94,X
09/12/94,X
10/12/94,X
11/12/94,X
12/12/94,X
13/12/94,X
14/12/94,X
15/12/94,X
16/12/94,X
17/12/94,X
18/12/94,X
19/12/94,X
20/12/94,X
21/12/94,X
22/12/94,X
23/12/94,X
24/12/94,X
25/12/94,X
26/12/94,X
27/12/94,X
28/12/94,X
29/12/94,X
30/12/94,X
31/12/94,X
01/01/95,X
02/01/95,X
03/01/95,X
04/01/95,X
05/01/95,X
06/01/95,X
07/01/95,X
08/01/95,X
09/01/95,X
10/01/95,X
11/01/95,X
12/01/95,X
13/01/95,X
14/01/95,X
15/01/95,X
16/01/95,X
17/01/95,X
18/01/95,X
19/01/95,X
20/01/95,X
21/01/95,X
22/01/95,X
23/01/95,X
24/01/95,X
25/01/95,X
26/01/95,X
27/01/95,X
28/01/95,X
29/01/95,X
30/01/95,X
31/01/95,X
01/02/95,X
02/02/95,X
03/02/95,X
04/02/95,X
05/02/95,X
06/02/95,X
07/02/95,X
08/02/95,X
09/02/95,X
10/02/95,X
11/02/95,X
12/02/95,X
13/02/95,X
14/02/95,X
15/02/95,X
16/02/95,X
17/02/95,X
18/02/95,X
19/02/95,X
20/02/95,X
21/02/95,X
22/02/95,X
23/02/95,X
24/02/95,X
25/02/95,X
26/02/95,X
27/02/95,X
28/02/95,X
01/03/95,X
02/03/95,X
03/03/95,X
04/03/95,X
05/03/95,X
06/03/95,X
07/03/95,X
08/03/95,X
09/03/95,X
10/03/95,X
11/03/95,X
12/03/95,X
13/03/95,X
14/03/95,X
15/03/95,X
16/03/95,X
17/03/95,X
18/03/95,X
19/03/95,X
20/03/95,X
21/03/95,X
22/03/95,X
23/03/95,X
24/03/95,X
25/03/95,X
26/03/95,X
27/03/95,X
28/03/95,X
29/03/95,X
30/03/95,X
31/03/95,X
01/04/95,X
02/04/95,X
03/04/95,X
04/04/95,X
05/04/95,X
06/04/95,X
07/04/95,X
08/04/95,X
09/04/95,X
10/04/95,X
11/04/95,X
12/04/95,X
13/04/95,X
14/04/95,X
15/04/95,X
16/04/95,X
17/04/95,X
18/04/95,X
19/04/95,X
20/04/95,X
21/04/95,X
22/04/95,X
23/04/95,X
24/04/95,X
25/04/95,X
26/04/95,X
27/04/95,X
28/04/95,X
29/04/95,X
30/04/95,X
01/05/95,X
02/05/95,X
03/05/95,X
04/05/95,X
05/05/95,X
06/05/95,X
07/05/95,X
08/05/95,X
09/05/95,X
10/05/95,X
11/05/95,X
12/05/95,X
13/05/95,X
14/05/95,X
15/05/95,X
16/05/95,X
17/05/95,X
18/05/95,X
19/05/95,X
20/05/95,X
21/05/95,X
22/05/95,X
23/05/95,X
24/05/95,X
25/05/95,X
26/05/95,X
27/05/95,X
28/05/95,X
29/05/95,X
30/05/95,X
31/05/95,X
01/06/95,X
02/06/95,X
03/06/95,X
04/06/95,X
05/06/95,X
06/06/95,X
07/06/95,X
08/06/95,X
09/06/95,X
10/06/95,X
11/06/95,X
12/06/95,X
13/06/95,X
14/06/95,X
15/06/95,X
16/06/95,X
17/06/95,X
18/06/95,X
19/06/95,X
20/06/95,X
21/06/95,X
22/06/95,X
23/06/95,X
24/06/95,X
25/06/95,X
26/06/95,X
27/06/95,X
28/06/95,X
29/06/95,X
30/06/95,X
01/07/95,X
02/07/95,X
03/07/95,X
04/07/95,X
05/07/95,X
06/07/95,X
07/07/95,X
08/07/95,X
09/07/95,X
10/07/95,X
11/07/95,X
12/07/95,X
13/07/95,X
14/07/95,X
15/07/95,X
16/07/95,X
17/07/95,X
18/07/95,X
19/07/95,X
20/07/95,X
21/07/95,X
22/07/95,X
23/07/95,X
24/07/95,X
25/07/95,X
26/07/95,X
27/07/95,X
28/07/95,X
29/07/95,X
30/07/95,X
31/07/95,X
01/08/95,X
02/08/95,X
03/08/95,X
04/08/95,X
05/08/95,X
06/08/95,X
07/08/95,X
08/08/95,X
09/08/95,X
10/08/95,X
11/08/95,X
12/08/95,X
13/08/95,X
14/08/95,X
15/08/95,X
16/08/95,X
17/08/95,X
18/08/95,X
19/08/95,X
20/08/95,X
21/08/95,X
22/08/95,X
23/08/95,X
24/08/95,X
25/08/95,X
26/08/95,X
27/08/95,X
28/08/95,X
29/08/95,X
30/08/95,X
31/08/95,X
01/09/95,X
02/09/95,X
03/09/95,X
04/09/95,X
05/09/95,X
06/09/95,X
07/09/95,X
08/09/95,X
09/09/95,X
10/09/95,X
11/09/95,X
12/09/95,X
13/09/95,X
14/09/95,X
15/09/95,X
16/09/95,X
17/09/95,X
18/09/95,X
19/09/95,X
20/09/95,X
21/09/95,X
22/09/95,X
23/09/95,X
24/09/95,X
25/09/95,X
26/09/95,X
27/09/95,X
28/09/95,X
29/09/95,X
30/09/95,X
01/10/95,X
02/10/95,X
03/10/95,X
04/10/95,X
05/10/95,X
06/10/95,X
07/10/95,X
08/10/95,X
09/10/95,X
10/10/95,X
11/10/95,X
12/10/95,X
13/10/95,X
14/10/95,X
15/10/95,X
16/10/95,X
17/10/95,X
18/10/95,X
19/10/95,X
20/10/95,X
21/10/95,X
22/10/95,X
23/10/95,X
24/10/95,X
25/10/95,X
26/10/95,X
27/10/95,X
28/10/95,X
29/10/95,X
30/10/95,X
31/10/95,X
01/11/95,X
02/11/95,X
03/11/95,X
04/11/95,X
05/11/95,X
06/11/95,X
07/11/95,X
08/11/95,X
09/11/95,X
10/11/95,X
11/11/95,X
12/11/95,X
13/11/95,X
14/11/95,X
15/11/95,X
16/11/95,X
17/11/95,X
18/11/95,X
19/11/95,X
20/11/95,X
21/11/95,X
22/11/95,X
23/11/95,X
24/11/95,X
25/11/95,X
26/11/95,X
27/11/95,X
28/11/95,X
29/11/95,X
30/11/95,X
01/12/95,X
02/12/95,X
03/12/95,X
04/12/95,X
05/12/95,X
06/12/95,X
07/12/95,X
08/12/95,X
09/12/95,X
10/12/95,X
11/12/95,X
12/12/95,X
13/12/95,X
14/12/95,X
15/12/95,X
16/12/95,X
17/12/95,X
18/12/95,X
19/12/95,X
20/12/95,X
21/12/95,X
22/12/95,X
23/12/95,X
24/12/95,X
25/12/95,X
26/12/95,X
27/12/95,X
28/12/95,X
29/12/95,X
30/12/95,X
31/12/95,X
01/01/96,X
02/01/96,X
03/01/96,X
04/01/96,X
05/01/96,X
06/01/96,X
07/01/96,X
08/01/96,X
09/01/96,X
10/01/96,X
11/01/96,X
12/01/96,X
13/01/96,X
14/01/96,X
15/01/96,X
16/01/96,X
17/01/96,X
18/01/96,X
19/01/96,X
20/01/96,X
21/01/96,X
22/01/96,X
23/01/96,X
24/01/96,X
25/01/96,X
26/01/96,X
27/01/96,X
28/01/96,X
29/01/96,X
30/01/96,X
31/01/96,X
01/02/96,X
02/02/96,X
03/02/96,X
04/02/96,X
05/02/96,X
06/02/96,X
07/02/96,X
08/02/96,X
09/02/96,X
10/02/96,X
11/02/96,X
12/02/96,X
13/02/96,X
14/02/96,X
15/02/96,X
16/02/96,X
17/02/96,X
18/02/96,X
19/02/96,X
20/02/96,X
21/02/96,X
22/02/96,X
23/02/96,X
24/02/96,X
25/02/96,X
26/02/96,X
27/02/96,X
28/02/96,X
29/02/96,X
01/03/96,X
02/03/96,X
03/03/96,X
04/03/96,X
05/03/96,X
06/03/96,X
07/03/96,X
08/03/96,X
09/03/96,X
10/03/96,X
11/03/96,X
12/03/96,X
13/03/96,X
14/03/96,X
15/03/96,X
16/03/96,X
17/03/96,X
18/03/96,X
19/03/96,X
20/03/96,X
21/03/96,X
22/03/96,X
23/03/96,X
24/03/96,X
25/03/96,X
26/03/96,X
27/03/96,X
28/03/96,X
29/03/96,X
30/03/96,X
31/03/96,X
01/04/96,X
02/04/96,X
03/04/96,X
04/04/96,X
05/04/96,X
06/04/96,X
07/04/96,X
08/04/96,X
09/04/96,X
10/04/96,X
11/04/96,X
12/04/96,X
13/04/96,X
14/04/96,X
15/04/96,X
16/04/96,X
17/04/96,X
18/04/96,X
19/04/96,X
20/04/96,X
21/04/96,X
22/04/96,X
23/04/96,X
24/04/96,X
25/04/96,X
26/04/96,X
27/04/96,X
28/04/96,X
29/04/96,X
30/04/96,X
01/05/96,X
02/05/96,X
03/05/96,X
04/05/96,X
05/05/96,X
06/05/96,X
07/05/96,X
08/05/96,X
09/05/96,X
10/05/96,X
11/05/96,X
12/05/96,X
13/05/96,X
14/05/96,X
15/05/96,X
16/05/96,X
17/05/96,X
18/05/96,X
19/05/96,X
20/05/96,X
21/05/96,X
22/05/96,X
23/05/96,X
24/05/96,X
25/05/96,X
26/05/96,X
27/05/96,X
28/05/96,X
29/05/96,X
30/05/96,X
31/05/96,X
01/06/96,X
02/06/96,X
03/06/96,X
04/06/96,X
05/06/96,X
06/06/96,X
07/06/96,X
08/06/96,X
09/06/96,X
10/06/96,X
11/06/96,X
12/06/96,X
13/06/96,X
14/06/96,X
15/06/96,X
16/06/96,X
17/06/96,X
18/06/96,X
19/06/96,X
20/06/96,X
21/06/96,X
22/06/96,X
23/06/96,X
24/06/96,X
25/06/96,X
26/06/96,X
27/06/96,X
28/06/96,X
29/06/96,X
30/06/96,X
01/07/96,X
02/07/96,X
03/07/96,X
04/07/96,X
05/07/96,X
06/07/96,X
07/07/96,X
08/07/96,X
09/07/96,X
10/07/96,X
11/07/96,X
12/07/96,X
13/07/96,X
14/07/96,X
15/07/96,X
16/07/96,X
17/07/96,X
18/07/96,X
19/07/96,X
20/07/96,X
21/07/96,X
22/07/96,X
23/07/96,X
24/07/96,X
25/07/96,X
26/07/96,X
27/07/96,X
28/07/96,X
29/07/96,X
30/07/96,X
31/07/96,X
01/08/96,X
02/08/96,X
03/08/96,X
04/08/96,X
05/08/96,X
06/08/96,X
07/08/96,X
08/08/96,X
09/08/96,X
10/08/96,X
11/08/96,X
12/08/96,X
13/08/96,X
14/08/96,X
15/08/96,X
16/08/96,X
17/08/96,X
18/08/96,X
19/08/96,X
20/08/96,X
21/08/96,X
22/08/96,X
23/08/96,X
24/08/96,X
25/08/96,X
26/08/96,X
27/08/96,X
28/08/96,X
29/08/96,X
30/08/96,X
31/08/96,X
01/09/96,X
02/09/96,X
03/09/96,X
04/09/96,X
05/09/96,X
06/09/96,X
07/09/96,X
08/09/96,X
09/09/96,X
10/09/96,X
11/09/96,X
12/09/96,X
13/09/96,X
14/09/96,X
15/09/96,X
16/09/96,X
17/09/96,X
18/09/96,X
19/09/96,X
20/09/96,X
21/09/96,X
22/09/96,X
23/09/96,X
24/09/96,X
25/09/96,X
26/09/96,X
27/09/96,X
28/09/96,X
29/09/96,X
30/09/96,X
01/10/96,X
02/10/96,X
03/10/96,X
04/10/96,X
05/10/96,X
06/10/96,X
07/10/96,X
08/10/96,X
09/10/96,X
10/10/96,X
11/10/96,X
12/10/96,X
13/10/96,X
14/10/96,X
15/10/96,X
16/10/96,X
17/10/96,X
18/10/96,X
19/10/96,X
20/10/96,X
21/10/96,X
22/10/96,X
23/10/96,X
24/10/96,X
25/10/96,X
26/10/96,X
27/10/96,X
28/10/96,X
29/10/96,X
30/10/96,X
31/10/96,X
01/11/96,X
02/11/96,X
03/11/96,X
04/11/96,X
05/11/96,X
06/11/96,X
07/11/96,X
08/11/96,X
09/11/96,X
10/11/96,X
11/11/96,X
12/11/96,X
13/11/96,X
14/11/96,X
15/11/96,X
16/11/96,X
17/11/96,X
18/11/96,X
19/11/96,X
20/11/96,X
21/11/96,X
22/11/96,X
23/11/96,X
24/11/96,X
25/11/96,X
26/11/96,X
27/11/96,X
28/11/96,X
29/11/96,X
30/11/96,X
01/12/96,X
02/12/96,X
03/12/96,X
04/12/96,X
05/12/96,X
06/12/96,X
07/12/96,X
08/12/96,X
09/12/96,X
10/12/96,X
11/12/96,X
12/12/96,X
13/12/96,X
14/12/96,X
15/12/96,X
16/12/96,X
17/12/96,X
18/12/96,X
19/12/96,X
20/12/96,X
21/12/96,X
22/12/96,X
23/12/96,X
24/12/96,X
25/12/96,X
26/12/96,X
27/12/96,X
28/12/96,X
29/12/96,X
30/12/96,X
31/12/96,X
01/01/97,X
02/01/97,X
03/01/97,X
04/01/97,X
05/01/97,X
06/01/97,X
07/01/97,X
08/01/97,X
09/01/97,X
10/01/97,X
11/01/97,X
12/01/97,X
13/01/97,X
14/01/97,X
15/01/97,X
16/01/97,X
17/01/97,X
18/01/97,X
19/01/97,X
20/01/97,X
21/01/97,X
22/01/97,X
23/01/97,X
24/01/97,X
25/01/97,X
26/01/97,X
27/01/97,X
28/01/97,X
29/01/97,X
30/01/97,X
31/01/97,X
01/02/97,X
02/02/97,X
03/02/97,X
04/02/97,X
05/02/97,X
06/02/97,X
07/02/97,X
08/02/97,X
09/02/97,X
10/02/97,X
11/02/97,X
12/02/97,X
13/02/97,X
14/02/97,X
15/02/97,X
16/02/97,X
17/02/97,X
18/02/97,X
19/02/97,X
20/02/97,X
21/02/97,X
22/02/97,X
23/02/97,X
24/02/97,X
25/02/97,X
26/02/97,X
27/02/97,X
28/02/97,X
01/03/97,X
02/03/97,X
03/03/97,X
04/03/97,X
05/03/97,X
06/03/97,X
07/03/97,X
08/03/97,X
09/03/97,X
10/03/97,X
11/03/97,X
12/03/97,X
13/03/97,X
14/03/97,X
15/03/97,X
16/03/97,X
17/03/97,X
18/03/97,X
19/03/97,X
20/03/97,X
21/03/97,X
22/03/97,X
23/03/97,X
24/03/97,X
25/03/97,X
26/03/97,X
27/03/97,X
28/03/97,X
29/03/97,X
30/03/97,X
31/03/97,X
01/04/97,X
02/04/97,X
03/04/97,X
04/04/97,X
05/04/97,X
06/04/97,X
07/04/97,X
08/04/97,X
09/04/97,X
10/04/97,X
11/04/97,X
12/04/97,X
13/04/97,X
14/04/97,X
15/04/97,X
16/04/97,X
17/04/97,X
18/04/97,X
19/04/97,X
20/04/97,X
21/04/97,X
22/04/97,X
23/04/97,X
24/04/97,X
25/04/97,X
26/04/97,X
27/04/97,X
28/04/97,X
29/04/97,X
30/04/97,X
01/05/97,X
02/05/97,X
03/05/97,X
04/05/97,X
05/05/97,X
06/05/97,X
07/05/97,X
08/05/97,X
09/05/97,X
10/05/97,X
11/05/97,X
12/05/97,X
13/05/97,X
14/05/97,X
15/05/97,X
16/05/97,X
17/05/97,X
18/05/97,X
19/05/97,X
20/05/97,X
21/05/97,X
22/05/97,X
23/05/97,X
24/05/97,X
25/05/97,X
26/05/97,X
27/05/97,X
28/05/97,X
29/05/97,X
30/05/97,X
31/05/97,X
01/06/97,X
02/06/97,X
03/06/97,X
04/06/97,X
05/06/97,X
06/06/97,X
07/06/97,X
08/06/97,X
09/06/97,X
10/06/97,X
11/06/97,X
12/06/97,X
13/06/97,X
14/06/97,X
15/06/97,X
16/06/97,X
17/06/97,X
18/06/97,X
19/06/97,X
20/06/97,X
21/06/97,X
22/06/97,X
23/06/97,X
24/06/97,X
25/06/97,X
26/06/97,X
27/06/97,X
28/06/97,X
29/06/97,X
30/06/97,X
01/07/97,X
02/07/97,X
03/07/97,X
04/07/97,X
05/07/97,X
06/07/97,X
07/07/97,X
08/07/97,X
09/07/97,X
10/07/97,X
11/07/97,X
12/07/97,X
13/07/97,X
14/07/97,X
15/07/97,X
16/07/97,X
17/07/97,X
18/07/97,X
19/07/97,X
20/07/97,X
21/07/97,X
22/07/97,X
23/07/97,X
24/07/97,X
25/07/97,X
26/07/97,X
27/07/97,X
28/07/97,X
29/07/97,X
30/07/97,X
31/07/97,X
01/08/97,X
02/08/97,X
03/08/97,X
04/08/97,X
05/08/97,X
06/08/97,X
07/08/97,X
08/08/97,X
09/08/97,X
10/08/97,X
11/08/97,X
12/08/97,X
13/08/97,X
14/08/97,X
15/08/97,X
16/08/97,X
17/08/97,X
18/08/97,X
19/08/97,X
20/08/97,X
21/08/97,X
22/08/97,X
23/08/97,X
24/08/97,X
25/08/97,X
26/08/97,X
27/08/97,X
28/08/97,X
29/08/97,X
30/08/97,X
31/08/97,X
01/09/97,X
02/09/97,X
03/09/97,X
04/09/97,X
05/09/97,X
06/09/97,X
07/09/97,X
08/09/97,X
09/09/97,X
10/09/97,X
11/09/97,X
12/09/97,X
13/09/97,X
14/09/97,X
15/09/97,X
16/09/97,X
17/09/97,X
18/09/97,X
19/09/97,X
20/09/97,X
21/09/97,X
22/09/97,X
23/09/97,X
24/09/97,X
25/09/97,X
26/09/97,X
27/09/97,X
28/09/97,X
29/09/97,X
30/09/97,X
01/10/97,X
02/10/97,X
03/10/97,X
04/10/97,X
05/10/97,X
06/10/97,X
07/10/97,X
08/10/97,X
09/10/97,X
10/10/97,X
11/10/97,X
12/10/97,X
13/10/97,X
14/10/97,X
15/10/97,X
16/10/97,X
17/10/97,X
18/10/97,X
19/10/97,X
20/10/97,X
21/10/97,X
22/10/97,X
23/10/97,X
24/10/97,X
25/10/97,X
26/10/97,X
27/10/97,X
28/10/97,X
29/10/97,X
30/10/97,X
31/10/97,X
01/11/97,X
02/11/97,X
03/11/97,X
04/11/97,X
05/11/97,X
06/11/97,X
07/11/97,X
08/11/97,X
09/11/97,X
10/11/97,X
11/11/97,X
12/11/97,X
13/11/97,X
14/11/97,X
15/11/97,X
16/11/97,X
17/11/97,X
18/11/97,X
19/11/97,X
20/11/97,X
21/11/97,X
22/11/97,X
23/11/97,X
24/11/97,X
25/11/97,X
26/11/97,X
27/11/97,X
28/11/97,X
29/11/97,X
30/11/97,X
01/12/97,X
02/12/97,X
03/12/97,X
04/12/97,X
05/12/97,X
06/12/97,X
07/12/97,X
08/12/97,X
09/12/97,X
10/12/97,X
11/12/97,X
12/12/97,X
13/12/97,X
14/12/97,X
15/12/97,X
16/12/97,X
17/12/97,X
18/12/97,X
19/12/97,X
20/12/97,X
21/12/97,X
22/12/97,X
23/12/97,X
24/12/97,X
25/12/97,X
26/12/97,X
27/12/97,X
28/12/97,X
29/12/97,X
30/12/97,X
31/12/97,X
01/01/98,X
02/01/98,X
03/01/98,X
04/01/98,X
05/01/98,X
06/01/98,X
07/01/98,X
08/01/98,X
09/01/98,X
10/01/98,X
11/01/98,X
12/01/98,X
13/01/98,X
14/01/98,X
15/01/98,X
16/01/98,X
17/01/98,X
18/01/98,X
19/01/98,X
20/01/98,X
21/01/98,X
22/01/98,X
23/01/98,X
24/01/98,X
25/01/98,X
26/01/98,X
27/01/98,X
28/01/98,X
29/01/98,X
30/01/98,X
31/01/98,X
01/02/98,X
02/02/98,X
03/02/98,X
04/02/98,X
05/02/98,X
06/02/98,X
07/02/98,X
08/02/98,X
09/02/98,X
10/02/98,X
11/02/98,X
12/02/98,X
13/02/98,X
14/02/98,X
15/02/98,X
16/02/98,X
17/02/98,X
18/02/98,X
19/02/98,X
20/02/98,X
21/02/98,X
22/02/98,X
23/02/98,X
24/02/98,X
25/02/98,X
26/02/98,X
27/02/98,X
28/02/98,X
01/03/98,X
02/03/98,X
03/03/98,X
04/03/98,X
05/03/98,X
06/03/98,X
07/03/98,X
08/03/98,X
09/03/98,X
10/03/98,X
11/03/98,X
12/03/98,X
13/03/98,X
14/03/98,X
15/03/98,X
16/03/98,X
17/03/98,X
18/03/98,X
19/03/98,X
20/03/98,X
21/03/98,X
22/03/98,X
23/03/98,X
24/03/98,X
25/03/98,X
26/03/98,X
27/03/98,X
28/03/98,X
29/03/98,X
30/03/98,X
31/03/98,X
01/04/98,X
02/04/98,X
03/04/98,X
04/04/98,X
05/04/98,X
06/04/98,X
07/04/98,X
08/04/98,X
09/04/98,X
10/04/98,X
11/04/98,X
12/04/98,X
13/04/98,X
14/04/98,X
15/04/98,X
16/04/98,X
17/04/98,X
18/04/98,X
19/04/98,X
20/04/98,X
21/04/98,X
22/04/98,X
23/04/98,X
24/04/98,X
25/04/98,X
26/04/98,X
27/04/98,X
28/04/98,X
29/04/98,X
30/04/98,X
01/05/98,X
02/05/98,X
03/05/98,X
04/05/98,X
05/05/98,X
06/05/98,X
07/05/98,X
08/05/98,X
09/05/98,X
10/05/98,X
11/05/98,X
12/05/98,X
13/05/98,X
14/05/98,X
15/05/98,X
16/05/98,X
17/05/98,X
18/05/98,X
19/05/98,X
20/05/98,X
21/05/98,X
22/05/98,X
23/05/98,X
24/05/98,X
25/05/98,X
26/05/98,X
27/05/98,X
28/05/98,X
29/05/98,X
30/05/98,X
31/05/98,X
01/06/98,X
02/06/98,X
03/06/98,X
04/06/98,X
05/06/98,X
06/06/98,X
07/06/98,X
08/06/98,X
09/06/98,X
10/06/98,X
11/06/98,X
12/06/98,X
13/06/98,X
14/06/98,X
15/06/98,X
16/06/98,X
17/06/98,X
18/06/98,X
19/06/98,X
20/06/98,X
21/06/98,X
22/06/98,X
23/06/98,X
24/06/98,X
25/06/98,X
26/06/98,X
27/06/98,X
28/06/98,X
29/06/98,X
30/06/98,X
01/07/98,X
02/07/98,X
03/07/98,X
04/07/98,X
05/07/98,X
06/07/98,X
07/07/98,X
08/07/98,X
09/07/98,X
10/07/98,X
11/07/98,X
12/07/98,X
13/07/98,X
14/07/98,X
15/07/98,X
16/07/98,X
17/07/98,X
18/07/98,X
19/07/98,X
20/07/98,X
21/07/98,X
22/07/98,X
23/07/98,X
24/07/98,X
25/07/98,X
26/07/98,X
27/07/98,X
28/07/98,X
29/07/98,X
30/07/98,X
31/07/98,X
01/08/98,X
02/08/98,X
03/08/98,X
04/08/98,X
05/08/98,X
06/08/98,X
07/08/98,X
08/08/98,X
09/08/98,X
10/08/98,X
11/08/98,X
12/08/98,X
13/08/98,X
14/08/98,X
15/08/98,X
16/08/98,X
17/08/98,X
18/08/98,X
19/08/98,X
20/08/98,X
21/08/98,X
22/08/98,X
23/08/98,X
24/08/98,X
25/08/98,X
26/08/98,X
27/08/98,X
28/08/98,X
29/08/98,X
30/08/98,X
31/08/98,X
01/09/98,X
02/09/98,X
03/09/98,X
04/09/98,X
05/09/98,X
06/09/98,X
07/09/98,X
08/09/98,X
09/09/98,X
10/09/98,X
11/09/98,X
12/09/98,X
13/09/98,X
14/09/98,X
15/09/98,X
16/09/98,X
17/09/98,X
18/09/98,X
19/09/98,X
20/09/98,X
21/09/98,X
22/09/98,X
23/09/98,X
24/09/98,X
25/09/98,X
26/09/98,X
27/09/98,X
28/09/98,X
29/09/98,X
30/09/98,X
01/10/98,X
02/10/98,X
03/10/98,X
04/10/98,X
05/10/98,X
06/10/98,X
07/10/98,X
08/10/98,X
09/10/98,X
10/10/98,X
11/10/98,X
12/10/98,X
13/10/98,X
14/10/98,X
15/10/98,X
16/10/98,X
17/10/98,X
18/10/98,X
19/10/98,X
20/10/98,X
21/10/98,X
22/10/98,X
23/10/98,X
24/10/98,X
25/10/98,X
26/10/98,X
27/10/98,X
28/10/98,X
29/10/98,X
30/10/98,X
31/10/98,X
01/11/98,X
02/11/98,X
03/11/98,X
04/11/98,X
05/11/98,X
06/11/98,X
07/11/98,X
08/11/98,X
09/11/98,X
10/11/98,X
11/11/98,X
12/11/98,X
13/11/98,X
14/11/98,X
15/11/98,X
16/11/98,X
17/11/98,X
18/11/98,X
19/11/98,X
20/11/98,X
21/11/98,X
22/11/98,X
23/11/98,X
24/11/98,X
25/11/98,X
26/11/98,X
27/11/98,X
28/11/98,X
29/11/98,X
30/11/98,X
01/12/98,X
02/12/98,X
03/12/98,X
04/12/98,X
05/12/98,X
06/12/98,X
07/12/98,X
08/12/98,X
09/12/98,X
10/12/98,X
11/12/98,X
12/12/98,X
13/12/98,X
14/12/98,X
15/12/98,X
16/12/98,X
17/12/98,X
18/12/98,X
19/12/98,X
20/12/98,X
21/12/98,X
22/12/98,X
23/12/98,X
24/12/98,X
25/12/98,X
26/12/98,X
27/12/98,X
28/12/98,X
29/12/98,X
30/12/98,X
31/12/98,X
01/01/99,X
02/01/99,X
03/01/99,X
04/01/99,X
05/01/99,X
06/01/99,X
07/01/99,X
08/01/99,X
09/01/99,X
10/01/99,X
11/01/99,X
12/01/99,X
13/01/99,X
14/01/99,X
15/01/99,X
16/01/99,X
17/01/99,X
18/01/99,X
19/01/99,X
20/01/99,X
21/01/99,X
22/01/99,X
23/01/99,X
24/01/99,X
25/01/99,X
26/01/99,X
27/01/99,X
28/01/99,X
29/01/99,X
30/01/99,X
31/01/99,X
01/02/99,X
02/02/99,X
03/02/99,X
04/02/99,X
05/02/99,X
06/02/99,X
07/02/99,X
08/02/99,X
09/02/99,X
10/02/99,X
11/02/99,X
12/02/99,X
13/02/99,X
14/02/99,X
15/02/99,X
16/02/99,X
17/02/99,X
18/02/99,X
19/02/99,X
20/02/99,X
21/02/99,X
22/02/99,X
23/02/99,X
24/02/99,X
25/02/99,X
26/02/99,X
27/02/99,X
28/02/99,X
01/03/99,X
02/03/99,X
03/03/99,X
04/03/99,X
05/03/99,X
06/03/99,X
07/03/99,X
08/03/99,X
09/03/99,X
10/03/99,X
11/03/99,X
12/03/99,X
13/03/99,X
14/03/99,X
15/03/99,X
16/03/99,X
17/03/99,X
18/03/99,X
19/03/99,X
20/03/99,X
21/03/99,X
22/03/99,X
23/03/99,X
24/03/99,X
25/03/99,X
26/03/99,X
27/03/99,X
28/03/99,X
29/03/99,X
30/03/99,X
31/03/99,X
01/04/99,X
02/04/99,X
03/04/99,X
04/04/99,X
05/04/99,X
06/04/99,X
07/04/99,X
08/04/99,X
09/04/99,X
10/04/99,X
11/04/99,X
12/04/99,X
13/04/99,X
14/04/99,X
15/04/99,X
16/04/99,X
17/04/99,X
18/04/99,X
19/04/99,X
20/04/99,X
21/04/99,X
22/04/99,X
23/04/99,X
24/04/99,X
25/04/99,X
26/04/99,X
27/04/99,X
28/04/99,X
29/04/99,X
30/04/99,X
01/05/99,X
02/05/99,X
03/05/99,X
04/05/99,X
05/05/99,X
06/05/99,X
07/05/99,X
08/05/99,X
09/05/99,X
10/05/99,X
11/05/99,X
12/05/99,X
13/05/99,X
14/05/99,X
15/05/99,X
16/05/99,X
17/05/99,X
18/05/99,X
19/05/99,X
20/05/99,X
21/05/99,X
22/05/99,X
23/05/99,X
24/05/99,X
25/05/99,X
26/05/99,X
27/05/99,X
28/05/99,X
29/05/99,X
30/05/99,X
31/05/99,X
01/06/99,X
02/06/99,X
03/06/99,X
04/06/99,X
05/06/99,X
06/06/99,X
07/06/99,X
08/06/99,X
09/06/99,X
10/06/99,X
11/06/99,X
12/06/99,X
13/06/99,X
14/06/99,X
15/06/99,X
16/06/99,X
17/06/99,X
18/06/99,X
19/06/99,X
20/06/99,X
21/06/99,X
22/06/99,X
23/06/99,X
24/06/99,X
25/06/99,X
26/06/99,X
27/06/99,X
28/06/99,X
29/06/99,X
30/06/99,X
01/07/99,X
02/07/99,X
03/07/99,X
04/07/99,X
05/07/99,X
06/07/99,X
07/07/99,X
08/07/99,X
09/07/99,X
10/07/99,X
11/07/99,X
12/07/99,X
13/07/99,X
14/07/99,X
15/07/99,X
16/07/99,X
17/07/99,X
18/07/99,X
19/07/99,X
20/07/99,X
21/07/99,X
22/07/99,X
23/07/99,X
24/07/99,X
25/07/99,X
26/07/99,X
27/07/99,X
28/07/99,X
29/07/99,X
30/07/99,X
31/07/99,X
01/08/99,X
02/08/99,X
03/08/99,X
04/08/99,X
05/08/99,X
06/08/99,X
07/08/99,X
08/08/99,X
09/08/99,X
10/08/99,X
11/08/99,X
12/08/99,X
13/08/99,X
14/08/99,X
15/08/99,X
16/08/99,X
17/08/99,X
18/08/99,X
19/08/99,X
20/08/99,X
21/08/99,X
22/08/99,X
23/08/99,X
24/08/99,X
25/08/99,X
26/08/99,X
27/08/99,X
28/08/99,X
29/08/99,X
30/08/99,X
31/08/99,X
01/09/99,X
02/09/99,X
03/09/99,X
04/09/99,X
05/09/99,X
06/09/99,X
07/09/99,X
08/09/99,X
09/09/99,X
10/09/99,X
11/09/99,X
12/09/99,X
13/09/99,X
14/09/99,X
15/09/99,X
16/09/99,X
17/09/99,X
18/09/99,X
19/09/99,X
20/09/99,X
21/09/99,X
22/09/99,X
23/09/99,X
24/09/99,X
25/09/99,X
26/09/99,X
27/09/99,X
28/09/99,X
29/09/99,X
30/09/99,X
01/10/99,X
02/10/99,X
03/10/99,X
04/10/99,X
05/10/99,X
06/10/99,X
07/10/99,X
08/10/99,X
09/10/99,X
10/10/99,X
11/10/99,X
12/10/99,X
13/10/99,X
14/10/99,X
15/10/99,X
16/10/99,X
17/10/99,X
18/10/99,X
19/10/99,X
20/10/99,X
21/10/99,X
22/10/99,X
23/10/99,X
24/10/99,X
25/10/99,X
26/10/99,X
27/10/99,X
28/10/99,X
29/10/99,X
30/10/99,X
31/10/99,X
01/11/99,X
02/11/99,X
03/11/99,X
04/11/99,X
05/11/99,X
06/11/99,X
07/11/99,X
08/11/99,X
09/11/99,X
10/11/99,X
11/11/99,X
12/11/99,X
13/11/99,X
14/11/99,X
15/11/99,X
16/11/99,X
17/11/99,X
18/11/99,X
19/11/99,X
20/11/99,X
21/11/99,X
22/11/99,X
23/11/99,X
24/11/99,X
25/11/99,X
26/11/99,X
27/11/99,X
28/11/99,X
29/11/99,X
30/11/99,X
01/12/99,X
02/12/99,X
03/12/99,X
04/12/99,X
05/12/99,X
06/12/99,X
07/12/99,X
08/12/99,X
09/12/99,X
10/12/99,X
11/12/99,X
12/12/99,X
13/12/99,X
14/12/99,X
15/12/99,X
16/12/99,X
17/12/99,X
18/12/99,X
19/12/99,X
20/12/99,X
21/12/99,X
22/12/99,X
23/12/99,X
24/12/99,X
25/12/99,X
26/12/99,X
27/12/99,X
28/12/99,X
29/12/99,X
30/12/99,X
31/12/99,X
01/01/00,X
02/01/00,X
03/01/00,X
04/01/00,X
05/01/00,X
06/01/00,X
07/01/00,X
08/01/00,X
09/01/00,X
10/01/00,X
11/01/00,X
12/01/00,X
13/01/00,X
14/01/00,X
15/01/00,X
16/01/00,X
17/01/00,X
18/01/00,X
19/01/00,X
20/01/00,X
21/01/00,X
22/01/00,X
23/01/00,X
24/01/00,X
25/01/00,X
26/01/00,X
27/01/00,X
28/01/00,X
29/01/00,X
30/01/00,X
31/01/00,X
01/02/00,X
02/02/00,X
03/02/00,X
04/02/00,X
05/02/00,X
06/02/00,X
07/02/00,X
08/02/00,X
09/02/00,X
10/02/00,X
11/02/00,X
12/02/00,X
13/02/00,X
14/02/00,X
15/02/00,X
16/02/00,X
17/02/00,X
18/02/00,X
19/02/00,X
20/02/00,X
21/02/00,X
22/02/00,X
23/02/00,X
24/02/00,X
25/02/00,X
26/02/00,X
27/02/00,X
28/02/00,X
29/02/00,X
01/03/00,X
02/03/00,X
03/03/00,X
04/03/00,X
05/03/00,X
06/03/00,X
07/03/00,X
08/03/00,X
09/03/00,X
10/03/00,X
11/03/00,X
12/03/00,X
13/03/00,X
14/03/00,X
15/03/00,X
16/03/00,X
17/03/00,X
18/03/00,X
19/03/00,X
20/03/00,X
21/03/00,X
22/03/00,X
23/03/00,X
24/03/00,X
25/03/00,X
26/03/00,X
27/03/00,X
28/03/00,X
29/03/00,X
30/03/00,X
31/03/00,X
01/04/00,X
02/04/00,X
03/04/00,X
04/04/00,X
05/04/00,X
06/04/00,X
07/04/00,X
08/04/00,X
09/04/00,X
10/04/00,X
11/04/00,X
12/04/00,X
13/04/00,X
14/04/00,X
15/04/00,X
16/04/00,X
17/04/00,X
18/04/00,X
19/04/00,X
20/04/00,X
21/04/00,X
22/04/00,X
23/04/00,X
24/04/00,X
25/04/00,X
26/04/00,X
27/04/00,X
28/04/00,X
29/04/00,X
30/04/00,X
01/05/00,X
02/05/00,X
03/05/00,X
04/05/00,X
05/05/00,X
06/05/00,X
07/05/00,X
08/05/00,X
09/05/00,X
10/05/00,X
11/05/00,X
12/05/00,X
13/05/00,X
14/05/00,X
15/05/00,X
16/05/00,X
17/05/00,X
18/05/00,X
19/05/00,X
20/05/00,X
21/05/00,X
22/05/00,X
23/05/00,X
24/05/00,X
25/05/00,X
26/05/00,X
27/05/00,X
28/05/00,X
29/05/00,X
30/05/00,X
31/05/00,X
01/06/00,X
02/06/00,X
03/06/00,X
04/06/00,X
05/06/00,X
06/06/00,X
07/06/00,X
08/06/00,X
09/06/00,X
10/06/00,X
11/06/00,X
12/06/00,X
13/06/00,X
14/06/00,X
15/06/00,X
16/06/00,X
17/06/00,X
18/06/00,X
19/06/00,X
20/06/00,X
21/06/00,X
22/06/00,X
23/06/00,X
24/06/00,X
25/06/00,X
26/06/00,X
27/06/00,X
28/06/00,X
29/06/00,X
30/06/00,X
01/07/00,X
02/07/00,X
03/07/00,X
04/07/00,X
05/07/00,X
06/07/00,X
07/07/00,X
08/07/00,X
09/07/00,X
10/07/00,X
11/07/00,X
12/07/00,X
13/07/00,X
14/07/00,X
15/07/00,X
16/07/00,X
17/07/00,X
18/07/00,X
19/07/00,X
20/07/00,X
21/07/00,X
22/07/00,X
23/07/00,X
24/07/00,X
25/07/00,X
26/07/00,X
27/07/00,X
28/07/00,X
29/07/00,X
30/07/00,X
31/07/00,X
01/08/00,X
02/08/00,X
03/08/00,X
04/08/00,X
05/08/00,X
06/08/00,X
07/08/00,X
08/08/00,X
09/08/00,X
10/08/00,X
11/08/00,X
12/08/00,X
13/08/00,X
14/08/00,X
15/08/00,X
16/08/00,X
17/08/00,X
18/08/00,X
19/08/00,X
20/08/00,X
21/08/00,X
22/08/00,X
23/08/00,X
24/08/00,X
25/08/00,X
26/08/00,X
27/08/00,X
28/08/00,X
29/08/00,X
30/08/00,X
31/08/00,X
01/09/00,X
02/09/00,X
03/09/00,X
04/09/00,X
05/09/00,X
06/09/00,X
07/09/00,X
08/09/00,X
09/09/00,X
10/09/00,X
11/09/00,X
12/09/00,X
13/09/00,X
14/09/00,X
15/09/00,X
16/09/00,X
17/09/00,X
18/09/00,X
19/09/00,X
20/09/00,X
21/09/00,X
22/09/00,X
23/09/00,X
24/09/00,X
25/09/00,X
26/09/00,X
27/09/00,X
28/09/00,X
29/09/00,X
30/09/00,X
01/10/00,X
02/10/00,X
03/10/00,X
04/10/00,X
05/10/00,X
06/10/00,X
07/10/00,X
08/10/00,X
09/10/00,X
10/10/00,X
11/10/00,X
12/10/00,X
13/10/00,X
14/10/00,X
15/10/00,X
16/10/00,X
17/10/00,X
18/10/00,X
19/10/00,X
20/10/00,X
21/10/00,X
22/10/00,X
23/10/00,X
24/10/00,X
25/10/00,X
26/10/00,X
27/10/00,X
28/10/00,X
29/10/00,X
30/10/00,X
31/10/00,X
01/11/00,X
02/11/00,X
03/11/00,X
04/11/00,X
05/11/00,X
06/11/00,X
07/11/00,X
08/11/00,X
09/11/00,X
10/11/00,X
11/11/00,X
12/11/00,X
13/11/00,X
14/11/00,X
15/11/00,X
16/11/00,X
17/11/00,X
18/11/00,X
19/11/00,X
20/11/00,X
21/11/00,X
22/11/00,X
23/11/00,X
24/11/00,X
25/11/00,X
26/11/00,X
27/11/00,X
28/11/00,X
29/11/00,X
30/11/00,X
01/12/00,X
02/12/00,X
03/12/00,X
04/12/00,X
05/12/00,X
06/12/00,X
07/12/00,X
08/12/00,X
09/12/00,X
10/12/00,X
11/12/00,X
12/12/00,X
13/12/00,X
14/12/00,X
15/12/00,X
16/12/00,X
17/12/00,X
18/12/00,X
19/12/00,X
20/12/00,X
21/12/00,X
22/12/00,X
23/12/00,X
24/12/00,X
25/12/00,X
26/12/00,X
27/12/00,X
28/12/00,X
29/12/00,X
30/12/00,X
31/12/00,X
01/01/01,X
02/01/01,X
03/01/01,X
04/01/01,X
05/01/01,X
06/01/01,X
07/01/01,X
08/01/01,X
09/01/01,X
10/01/01,X
11/01/01,X
12/01/01,X
13/01/01,X
14/01/01,X
15/01/01,X
16/01/01,X
17/01/01,X
18/01/01,X
19/01/01,X
20/01/01,X
21/01/01,X
22/01/01,X
23/01/01,X
24/01/01,X
25/01/01,X
26/01/01,X
27/01/01,X
28/01/01,X
29/01/01,X
30/01/01,X
31/01/01,X
01/02/01,X
02/02/01,X
03/02/01,X
04/02/01,X
05/02/01,X
06/02/01,X
07/02/01,X
08/02/01,X
09/02/01,X
10/02/01,X
11/02/01,X
12/02/01,X
13/02/01,X
14/02/01,X
15/02/01,X
16/02/01,X
17/02/01,X
18/02/01,X
19/02/01,X
20/02/01,X
21/02/01,X
22/02/01,X
23/02/01,X
24/02/01,X
25/02/01,X
26/02/01,X
27/02/01,X
28/02/01,X
01/03/01,X
02/03/01,X
03/03/01,X
04/03/01,X
05/03/01,X
06/03/01,X
07/03/01,X
08/03/01,X
09/03/01,X
10/03/01,X
11/03/01,X
12/03/01,X
13/03/01,X
14/03/01,X
15/03/01,X
16/03/01,X
17/03/01,X
18/03/01,X
19/03/01,X
20/03/01,X
21/03/01,X
22/03/01,X
23/03/01,X
24/03/01,X
25/03/01,X
26/03/01,X
27/03/01,X
28/03/01,X
29/03/01,X
30/03/01,X
31/03/01,X
01/04/01,X
02/04/01,X
03/04/01,X
04/04/01,X
05/04/01,X
06/04/01,X
07/04/01,X
08/04/01,X
09/04/01,X
10/04/01,X
11/04/01,X
12/04/01,X
13/04/01,X
14/04/01,X
15/04/01,X
16/04/01,X
17/04/01,X
18/04/01,X
19/04/01,X
20/04/01,X
21/04/01,X
22/04/01,X
23/04/01,X
24/04/01,X
25/04/01,X
26/04/01,X
27/04/01,X
28/04/01,X
29/04/01,X
30/04/01,X
01/05/01,X
02/05/01,X
03/05/01,X
04/05/01,X
05/05/01,X
06/05/01,X
07/05/01,X
08/05/01,X
09/05/01,X
10/05/01,X
11/05/01,X
12/05/01,X
13/05/01,X
14/05/01,X
15/05/01,X
16/05/01,X
17/05/01,X
18/05/01,X
19/05/01,X
20/05/01,X
21/05/01,X
22/05/01,X
23/05/01,X
24/05/01,X
25/05/01,X
26/05/01,X
27/05/01,X
28/05/01,X
29/05/01,X
30/05/01,X
31/05/01,X
01/06/01,X
02/06/01,X
03/06/01,X
04/06/01,X
05/06/01,X
06/06/01,X
07/06/01,X
08/06/01,X
09/06/01,X
10/06/01,X
11/06/01,X
12/06/01,X
13/06/01,X
14/06/01,X
15/06/01,X
16/06/01,X
17/06/01,X
18/06/01,X
19/06/01,X
20/06/01,X
21/06/01,X
22/06/01,X
23/06/01,X
24/06/01,X
25/06/01,X
26/06/01,X
27/06/01,X
28/06/01,X
29/06/01,X
30/06/01,X
01/07/01,X
02/07/01,X
03/07/01,X
04/07/01,X
05/07/01,X
06/07/01,X
07/07/01,X
08/07/01,X
09/07/01,X
10/07/01,X
11/07/01,X
12/07/01,X
13/07/01,X
14/07/01,X
15/07/01,X
16/07/01,X
17/07/01,X
18/07/01,X
19/07/01,X
20/07/01,X
21/07/01,X
22/07/01,X
23/07/01,X
24/07/01,X
25/07/01,X
26/07/01,X
27/07/01,X
28/07/01,X
29/07/01,X
30/07/01,X
31/07/01,X
01/08/01,X
02/08/01,X
03/08/01,X
04/08/01,X
05/08/01,X
06/08/01,X
07/08/01,X
08/08/01,X
09/08/01,X
10/08/01,X
11/08/01,X
12/08/01,X
13/08/01,X
14/08/01,X
15/08/01,X
16/08/01,X
17/08/01,X
18/08/01,X
19/08/01,X
20/08/01,X
21/08/01,X
22/08/01,X
23/08/01,X
24/08/01,X
25/08/01,X
26/08/01,X
27/08/01,X
28/08/01,X
29/08/01,X
30/08/01,X
31/08/01,X
01/09/01,X
02/09/01,X
03/09/01,X
04/09/01,X
05/09/01,X
06/09/01,X
07/09/01,X
08/09/01,X
09/09/01,X
10/09/01,X
11/09/01,X
12/09/01,X
13/09/01,X
14/09/01,X
15/09/01,X
16/09/01,X
17/09/01,X
18/09/01,X
19/09/01,X
20/09/01,X
21/09/01,X
22/09/01,X
23/09/01,X
24/09/01,X
25/09/01,X
26/09/01,X
27/09/01,X
28/09/01,X
29/09/01,X
30/09/01,X
01/10/01,X
02/10/01,X
03/10/01,X
04/10/01,X
05/10/01,X
06/10/01,X
07/10/01,X
08/10/01,X
09/10/01,X
10/10/01,X
11/10/01,X
12/10/01,X
13/10/01,X
14/10/01,X
15/10/01,X
16/10/01,X
17/10/01,X
18/10/01,X
19/10/01,X
20/10/01,X
21/10/01,X
22/10/01,X
23/10/01,X
24/10/01,X
25/10/01,X
26/10/01,X
27/10/01,X
28/10/01,X
29/10/01,X
30/10/01,X
31/10/01,X
01/11/01,X
02/11/01,X
03/11/01,X
04/11/01,X
05/11/01,X
06/11/01,X
07/11/01,X
08/11/01,X
09/11/01,X
10/11/01,X
11/11/01,X
12/11/01,X
13/11/01,X
14/11/01,X
15/11/01,X
16/11/01,X
17/11/01,X
18/11/01,X
19/11/01,X
20/11/01,X
21/11/01,X
22/11/01,X
23/11/01,X
24/11/01,X
25/11/01,X
26/11/01,X
27/11/01,X
28/11/01,X
29/11/01,X
30/11/01,X
01/12/01,X
02/12/01,X
03/12/01,X
04/12/01,X
05/12/01,X
06/12/01,X
07/12/01,X
08/12/01,X
09/12/01,X
10/12/01,X
11/12/01,X
12/12/01,X
13/12/01,X
14/12/01,X
15/12/01,X
16/12/01,X
17/12/01,X
18/12/01,X
19/12/01,X
20/12/01,X
21/12/01,X
22/12/01,X
23/12/01,X
24/12/01,X
25/12/01,X
26/12/01,X
27/12/01,X
28/12/01,X
29/12/01,X
30/12/01,X
31/12/01,X
01/01/02,X
02/01/02,X
03/01/02,X
04/01/02,X
05/01/02,X
06/01/02,X
07/01/02,X
08/01/02,X
09/01/02,X
10/01/02,X
11/01/02,X
12/01/02,X
13/01/02,X
14/01/02,X
15/01/02,X
16/01/02,X
17/01/02,X
18/01/02,X
19/01/02,X
20/01/02,X
21/01/02,X
22/01/02,X
23/01/02,X
24/01/02,X
25/01/02,X
26/01/02,X
27/01/02,X
28/01/02,X
29/01/02,X
30/01/02,X
31/01/02,X
01/02/02,X
02/02/02,X
03/02/02,X
04/02/02,X
05/02/02,X
06/02/02,X
07/02/02,X
08/02/02,X
09/02/02,X
10/02/02,X
11/02/02,X
12/02/02,X
13/02/02,X
14/02/02,X
15/02/02,X
16/02/02,X
17/02/02,X
18/02/02,X
19/02/02,X
20/02/02,X
21/02/02,X
22/02/02,X
23/02/02,X
24/02/02,X
25/02/02,X
26/02/02,X
27/02/02,X
28/02/02,X
01/03/02,X
02/03/02,X
03/03/02,X
04/03/02,X
05/03/02,X
06/03/02,X
07/03/02,X
08/03/02,X
09/03/02,X
10/03/02,X
11/03/02,X
12/03/02,X
13/03/02,X
14/03/02,X
15/03/02,X
16/03/02,X
17/03/02,X
18/03/02,X
19/03/02,X
20/03/02,X
21/03/02,X
22/03/02,X
23/03/02,X
24/03/02,X
25/03/02,X
26/03/02,X
27/03/02,X
28/03/02,X
29/03/02,X
30/03/02,X
31/03/02,X
01/04/02,X
02/04/02,X
03/04/02,X
04/04/02,X
05/04/02,X
06/04/02,X
07/04/02,X
08/04/02,X
09/04/02,X
10/04/02,X
11/04/02,X
12/04/02,X
13/04/02,X
14/04/02,X
15/04/02,X
16/04/02,X
17/04/02,X
18/04/02,X
19/04/02,X
20/04/02,X
21/04/02,X
22/04/02,X
23/04/02,X
24/04/02,X
25/04/02,X
26/04/02,X
27/04/02,X
28/04/02,X
29/04/02,X
30/04/02,X
01/05/02,X
02/05/02,X
03/05/02,X
04/05/02,X
05/05/02,X
06/05/02,X
07/05/02,X
08/05/02,X
09/05/02,X
10/05/02,X
11/05/02,X
12/05/02,X
13/05/02,X
14/05/02,X
15/05/02,X
16/05/02,X
17/05/02,X
18/05/02,X
19/05/02,X
20/05/02,X
21/05/02,X
22/05/02,X
23/05/02,X
24/05/02,X
25/05/02,X
26/05/02,X
27/05/02,X
28/05/02,X
29/05/02,X
30/05/02,X
31/05/02,X
01/06/02,X
02/06/02,X
03/06/02,X
04/06/02,X
05/06/02,X
06/06/02,X
07/06/02,X
08/06/02,X
09/06/02,X
10/06/02,X
11/06/02,X
12/06/02,X
13/06/02,X
14/06/02,X
15/06/02,X
16/06/02,X
17/06/02,X
18/06/02,X
19/06/02,X
20/06/02,X
21/06/02,X
22/06/02,X
23/06/02,X
24/06/02,X
25/06/02,X
26/06/02,X
27/06/02,X
28/06/02,X
29/06/02,X
30/06/02,X
01/07/02,X
02/07/02,X
03/07/02,X
04/07/02,X
05/07/02,X
06/07/02,X
07/07/02,X
08/07/02,X
09/07/02,X
10/07/02,X
11/07/02,X
12/07/02,X
13/07/02,X
14/07/02,X
15/07/02,X
16/07/02,X
17/07/02,X
18/07/02,X
19/07/02,X
20/07/02,X
21/07/02,X
22/07/02,X
23/07/02,X
24/07/02,X
25/07/02,X
26/07/02,X
27/07/02,X
28/07/02,X
29/07/02,X
30/07/02,X
31/07/02,X
01/08/02,X
02/08/02,X
03/08/02,X
04/08/02,X
05/08/02,X
06/08/02,X
07/08/02,X
08/08/02,X
09/08/02,X
10/08/02,X
11/08/02,X
12/08/02,X
13/08/02,X
14/08/02,X
15/08/02,X
16/08/02,X
17/08/02,X
18/08/02,X
19/08/02,X
20/08/02,X
21/08/02,X
22/08/02,X
23/08/02,X
24/08/02,X
25/08/02,X
26/08/02,X
27/08/02,X
28/08/02,X
29/08/02,X
30/08/02,X
31/08/02,X
01/09/02,X
02/09/02,X
03/09/02,X
04/09/02,X
05/09/02,X
06/09/02,X
07/09/02,X
08/09/02,X
09/09/02,X
10/09/02,X
11/09/02,X
12/09/02,X
13/09/02,X
14/09/02,X
15/09/02,X
16/09/02,X
17/09/02,X
18/09/02,X
19/09/02,X
20/09/02,X
21/09/02,X
22/09/02,X
23/09/02,X
24/09/02,X
25/09/02,X
26/09/02,X
27/09/02,X
28/09/02,X
29/09/02,X
30/09/02,X
01/10/02,X
02/10/02,X
03/10/02,X
04/10/02,X
05/10/02,X
06/10/02,X
07/10/02,X
08/10/02,X
09/10/02,X
10/10/02,X
11/10/02,X
12/10/02,X
13/10/02,X
14/10/02,X
15/10/02,X
16/10/02,X
17/10/02,X
18/10/02,X
19/10/02,X
20/10/02,X
21/10/02,X
22/10/02,X
23/10/02,X
24/10/02,X
25/10/02,X
26/10/02,X
27/10/02,X
28/10/02,X
29/10/02,X
30/10/02,X
31/10/02,X
01/11/02,X
02/11/02,X
03/11/02,X
04/11/02,X
05/11/02,X
06/11/02,X
07/11/02,X
08/11/02,X
09/11/02,X
10/11/02,X
11/11/02,X
12/11/02,X
13/11/02,X
14/11/02,X
15/11/02,X
16/11/02,X
17/11/02,X
18/11/02,X
19/11/02,X
20/11/02,X
21/11/02,X
22/11/02,X
23/11/02,X
24/11/02,X
25/11/02,X
26/11/02,X
27/11/02,X
28/11/02,X
29/11/02,X
30/11/02,X
01/12/02,X
02/12/02,X
03/12/02,X
04/12/02,X
05/12/02,X
06/12/02,X
07/12/02,X
08/12/02,X
09/12/02,X
10/12/02,X
11/12/02,X
12/12/02,X
13/12/02,X
14/12/02,X
15/12/02,X
16/12/02,X
17/12/02,X
18/12/02,X
19/12/02,X
20/12/02,X
21/12/02,X
22/12/02,X
23/12/02,X
24/12/02,X
25/12/02,X
26/12/02,X
27/12/02,X
28/12/02,X
29/12/02,X
30/12/02,X
31/12/02,X
01/01/03,X
02/01/03,X
03/01/03,X
04/01/03,X
05/01/03,X
06/01/03,X
07/01/03,X
08/01/03,X
09/01/03,X
10/01/03,X
11/01/03,X
12/01/03,X
13/01/03,X
14/01/03,X
15/01/03,X
16/01/03,X
17/01/03,X
18/01/03,X
19/01/03,X
20/01/03,X
21/01/03,X
22/01/03,X
23/01/03,X
24/01/03,X
25/01/03,X
26/01/03,X
27/01/03,X
28/01/03,X
29/01/03,X
30/01/03,X
31/01/03,X
01/02/03,X
02/02/03,X
03/02/03,X
04/02/03,X
05/02/03,X
06/02/03,X
07/02/03,X
08/02/03,X
09/02/03,X
10/02/03,X
11/02/03,X
12/02/03,X
13/02/03,X
14/02/03,X
15/02/03,X
16/02/03,X
17/02/03,X
18/02/03,X
19/02/03,X
20/02/03,X
21/02/03,X
22/02/03,X
23/02/03,X
24/02/03,X
25/02/03,X
26/02/03,X
27/02/03,X
28/02/03,X
01/03/03,X
02/03/03,X
03/03/03,X
04/03/03,X
05/03/03,X
06/03/03,X
07/03/03,X
08/03/03,X
09/03/03,X
10/03/03,X
11/03/03,X
12/03/03,X
13/03/03,X
14/03/03,X
15/03/03,X
16/03/03,X
17/03/03,X
18/03/03,X
19/03/03,X
20/03/03,X
21/03/03,X
22/03/03,X
23/03/03,X
24/03/03,X
25/03/03,X
26/03/03,X
27/03/03,X
28/03/03,X
29/03/03,X
30/03/03,X
31/03/03,X
01/04/03,X
02/04/03,X
03/04/03,X
04/04/03,X
05/04/03,X
06/04/03,X
07/04/03,X
08/04/03,X
09/04/03,X
10/04/03,X
11/04/03,X
12/04/03,X
13/04/03,X
14/04/03,X
15/04/03,X
16/04/03,X
17/04/03,X
18/04/03,X
19/04/03,X
20/04/03,X
21/04/03,X
22/04/03,X
23/04/03,X
24/04/03,X
25/04/03,X
26/04/03,X
27/04/03,X
28/04/03,X
29/04/03,X
30/04/03,X
01/05/03,X
02/05/03,X
03/05/03,X
04/05/03,X
05/05/03,X
06/05/03,X
07/05/03,X
08/05/03,X
09/05/03,X
10/05/03,X
11/05/03,X
12/05/03,X
13/05/03,X
14/05/03,X
15/05/03,X
16/05/03,X
17/05/03,X
18/05/03,X
19/05/03,X
20/05/03,X
21/05/03,X
22/05/03,X
23/05/03,X
24/05/03,X
25/05/03,X
26/05/03,X
27/05/03,X
28/05/03,X
29/05/03,X
30/05/03,X
31/05/03,X
01/06/03,X
02/06/03,X
03/06/03,X
04/06/03,X
05/06/03,X
06/06/03,X
07/06/03,X
08/06/03,X
09/06/03,X
10/06/03,X
11/06/03,X
12/06/03,X
13/06/03,X
14/06/03,X
15/06/03,X
16/06/03,X
17/06/03,X
18/06/03,X
19/06/03,X
20/06/03,X
21/06/03,X
22/06/03,X
23/06/03,X
24/06/03,X
25/06/03,X
26/06/03,X
27/06/03,X
28/06/03,X
29/06/03,X
30/06/03,X
01/07/03,X
02/07/03,X
03/07/03,X
04/07/03,X
05/07/03,X
06/07/03,X
07/07/03,X
08/07/03,X
09/07/03,X
10/07/03,X
11/07/03,X
12/07/03,X
13/07/03,X
14/07/03,X
15/07/03,X
16/07/03,X
17/07/03,X
18/07/03,X
19/07/03,X
20/07/03,X
21/07/03,X
22/07/03,X
23/07/03,X
24/07/03,X
25/07/03,X
26/07/03,X
27/07/03,X
28/07/03,X
29/07/03,X
30/07/03,X
31/07/03,X
01/08/03,X
02/08/03,X
03/08/03,X
04/08/03,X
05/08/03,X
06/08/03,X
07/08/03,X
08/08/03,X
09/08/03,X
10/08/03,X
11/08/03,X
12/08/03,X
13/08/03,X
14/08/03,X
15/08/03,X
16/08/03,X
17/08/03,X
18/08/03,X
19/08/03,X
20/08/03,X
21/08/03,X
22/08/03,X
23/08/03,X
24/08/03,X
25/08/03,X
26/08/03,X
27/08/03,X
28/08/03,X
29/08/03,X
30/08/03,X
31/08/03,X
01/09/03,X
02/09/03,X
03/09/03,X
04/09/03,X
05/09/03,X
06/09/03,X
07/09/03,X
08/09/03,X
09/09/03,X
10/09/03,X
11/09/03,X
12/09/03,X
13/09/03,X
14/09/03,X
15/09/03,X
16/09/03,X
17/09/03,X
18/09/03,X
19/09/03,X
20/09/03,X
21/09/03,X
22/09/03,X
23/09/03,X
24/09/03,X
25/09/03,X
26/09/03,X
27/09/03,X
28/09/03,X
29/09/03,X
30/09/03,X
01/10/03,X
02/10/03,X
03/10/03,X
04/10/03,X
05/10/03,X
06/10/03,X
07/10/03,X
08/10/03,X
09/10/03,X
10/10/03,X
11/10/03,X
12/10/03,X
13/10/03,X
14/10/03,X
15/10/03,X
16/10/03,X
17/10/03,X
18/10/03,X
19/10/03,X
20/10/03,X
21/10/03,X
22/10/03,X
23/10/03,X
24/10/03,X
25/10/03,X
26/10/03,X
27/10/03,X
28/10/03,X
29/10/03,X
30/10/03,X
31/10/03,X
01/11/03,X
02/11/03,X
03/11/03,X
04/11/03,X
05/11/03,X
06/11/03,X
07/11/03,X
08/11/03,X
09/11/03,X
10/11/03,X
11/11/03,X
12/11/03,X
13/11/03,X
14/11/03,X
15/11/03,X
16/11/03,X
17/11/03,X
18/11/03,X
19/11/03,X
20/11/03,X
21/11/03,X
22/11/03,X
23/11/03,X
24/11/03,X
25/11/03,X
26/11/03,X
27/11/03,X
28/11/03,X
29/11/03,X
30/11/03,X
01/12/03,X
02/12/03,X
03/12/03,X
04/12/03,X
05/12/03,X
06/12/03,X
07/12/03,X
08/12/03,X
09/12/03,X
10/12/03,X
11/12/03,X
12/12/03,X
13/12/03,X
14/12/03,X
15/12/03,X
16/12/03,X
17/12/03,X
18/12/03,X
19/12/03,X
20/12/03,X
21/12/03,X
22/12/03,X
23/12/03,X
24/12/03,X
25/12/03,X
26/12/03,X
27/12/03,X
28/12/03,X
29/12/03,X
30/12/03,X
31/12/03,X
01/01/04,X
02/01/04,X
03/01/04,X
04/01/04,X
05/01/04,X
06/01/04,X
07/01/04,X
08/01/04,X
09/01/04,X
10/01/04,X
11/01/04,X
12/01/04,X
13/01/04,X
14/01/04,X
15/01/04,X
16/01/04,X
17/01/04,X
18/01/04,X
19/01/04,X
20/01/04,X
21/01/04,X
22/01/04,X
23/01/04,X
24/01/04,X
25/01/04,X
26/01/04,X
27/01/04,X
28/01/04,X
29/01/04,X
30/01/04,X
31/01/04,X
01/02/04,X
02/02/04,X
03/02/04,X
04/02/04,X
05/02/04,X
06/02/04,X
07/02/04,X
08/02/04,X
09/02/04,X
10/02/04,X
11/02/04,X
12/02/04,X
13/02/04,X
14/02/04,X
15/02/04,X
16/02/04,X
17/02/04,X
18/02/04,X
19/02/04,X
20/02/04,X
21/02/04,X
22/02/04,X
23/02/04,X
24/02/04,X
25/02/04,X
26/02/04,X
27/02/04,X
28/02/04,X
29/02/04,X
01/03/04,X
02/03/04,X
03/03/04,X
04/03/04,X
05/03/04,X
06/03/04,X
07/03/04,X
08/03/04,X
09/03/04,X
10/03/04,X
11/03/04,X
12/03/04,X
13/03/04,X
14/03/04,X
15/03/04,X
16/03/04,X
17/03/04,X
18/03/04,X
19/03/04,X
20/03/04,X
21/03/04,X
22/03/04,X
23/03/04,X
24/03/04,X
25/03/04,X
26/03/04,X
27/03/04,X
28/03/04,X
29/03/04,X
30/03/04,X
31/03/04,X
01/04/04,X
02/04/04,X
03/04/04,X
04/04/04,X
05/04/04,X
06/04/04,X
07/04/04,X
08/04/04,X
09/04/04,X
10/04/04,X
11/04/04,X
12/04/04,X
13/04/04,X
14/04/04,X
15/04/04,X
16/04/04,X
17/04/04,X
18/04/04,X
19/04/04,X
20/04/04,X
21/04/04,X
22/04/04,X
23/04/04,X
24/04/04,X
25/04/04,X
26/04/04,X
27/04/04,X
28/04/04,X
29/04/04,X
30/04/04,X
01/05/04,X
02/05/04,X
03/05/04,X
04/05/04,X
05/05/04,X
06/05/04,X
07/05/04,X
08/05/04,X
09/05/04,X
10/05/04,X
11/05/04,X
12/05/04,X
13/05/04,X
14/05/04,X
15/05/04,X
16/05/04,X
17/05/04,X
18/05/04,X
19/05/04,X
20/05/04,X
21/05/04,X
22/05/04,X
23/05/04,X
24/05/04,X
25/05/04,X
26/05/04,X
27/05/04,X
28/05/04,X
29/05/04,X
30/05/04,X
31/05/04,X
01/06/04,X
02/06/04,X
03/06/04,X
04/06/04,X
05/06/04,X
06/06/04,X
07/06/04,X
08/06/04,X
09/06/04,X
10/06/04,X
11/06/04,X
12/06/04,X
13/06/04,X
14/06/04,X
15/06/04,X
16/06/04,X
17/06/04,X
18/06/04,X
19/06/04,X
20/06/04,X
21/06/04,X
22/06/04,X
23/06/04,X
24/06/04,X
25/06/04,X
26/06/04,X
27/06/04,X
28/06/04,X
29/06/04,X
30/06/04,X
01/07/04,X
02/07/04,X
03/07/04,X
04/07/04,X
05/07/04,X
06/07/04,X
07/07/04,X
08/07/04,X
09/07/04,X
10/07/04,X
11/07/04,X
12/07/04,X
13/07/04,X
14/07/04,X
15/07/04,X
16/07/04,X
17/07/04,X
18/07/04,X
19/07/04,X
20/07/04,X
21/07/04,X
22/07/04,X
23/07/04,X
24/07/04,X
25/07/04,X
26/07/04,X
27/07/04,X
28/07/04,X
29/07/04,X
30/07/04,X
31/07/04,X
01/08/04,X
02/08/04,X
03/08/04,X
04/08/04,X
05/08/04,X
06/08/04,X
07/08/04,X
08/08/04,X
09/08/04,X
10/08/04,X
11/08/04,X
12/08/04,X
13/08/04,X
14/08/04,X
15/08/04,X
16/08/04,X
17/08/04,X
18/08/04,X
19/08/04,X
20/08/04,X
21/08/04,X
22/08/04,X
23/08/04,X
24/08/04,X
25/08/04,X
26/08/04,X
27/08/04,X
28/08/04,X
29/08/04,X
30/08/04,X
31/08/04,X
01/09/04,X
02/09/04,X
03/09/04,X
04/09/04,X
05/09/04,X
06/09/04,X
07/09/04,X
08/09/04,X
09/09/04,X
10/09/04,X
11/09/04,X
12/09/04,X
13/09/04,X
14/09/04,X
15/09/04,X
16/09/04,X
17/09/04,X
18/09/04,X
19/09/04,X
20/09/04,X
21/09/04,X
22/09/04,X
23/09/04,X
24/09/04,X
25/09/04,X
26/09/04,X
27/09/04,X
28/09/04,X
29/09/04,X
30/09/04,X
01/10/04,X
02/10/04,X
03/10/04,X
04/10/04,X
05/10/04,X
06/10/04,X
07/10/04,X
08/10/04,X
09/10/04,X
10/10/04,X
11/10/04,X
12/10/04,X
13/10/04,X
14/10/04,X
15/10/04,X
16/10/04,X
17/10/04,X
18/10/04,X
19/10/04,X
20/10/04,X
21/10/04,X
22/10/04,X
23/10/04,X
24/10/04,X
25/10/04,X
26/10/04,X
27/10/04,X
28/10/04,X
29/10/04,X
30/10/04,X
31/10/04,X
01/11/04,X
02/11/04,X
03/11/04,X
04/11/04,X
05/11/04,X
06/11/04,X
07/11/04,X
08/11/04,X
09/11/04,X
10/11/04,X
11/11/04,X
12/11/04,X
13/11/04,X
14/11/04,X
15/11/04,X
16/11/04,X
17/11/04,X
18/11/04,X
19/11/04,X
20/11/04,X
21/11/04,X
22/11/04,X
23/11/04,X
24/11/04,X
25/11/04,X
26/11/04,X
27/11/04,X
28/11/04,X
29/11/04,X
30/11/04,X
01/12/04,X
02/12/04,X
03/12/04,X
04/12/04,X
05/12/04,X
06/12/04,X
07/12/04,X
08/12/04,X
09/12/04,X
10/12/04,X
11/12/04,X
12/12/04,X
13/12/04,X
14/12/04,X
15/12/04,X
16/12/04,X
17/12/04,X
18/12/04,X
19/12/04,X
20/12/04,X
21/12/04,X
22/12/04,X
23/12/04,X
24/12/04,X
25/12/04,X
26/12/04,X
27/12/04,X
28/12/04,X
29/12/04,X
30/12/04,X
31/12/04,X
01/01/05,X
02/01/05,X
03/01/05,X
04/01/05,X
05/01/05,X
06/01/05,X
07/01/05,X
08/01/05,X
09/01/05,X
10/01/05,X
11/01/05,X
12/01/05,X
13/01/05,X
14/01/05,X
15/01/05,X
16/01/05,X
17/01/05,X
18/01/05,X
19/01/05,X
20/01/05,X
21/01/05,X
22/01/05,X
23/01/05,X
24/01/05,X
25/01/05,X
26/01/05,X
27/01/05,X
28/01/05,X
29/01/05,X
30/01/05,X
31/01/05,X
01/02/05,X
02/02/05,X
03/02/05,X
04/02/05,X
05/02/05,X
06/02/05,X
07/02/05,X
08/02/05,X
09/02/05,X
10/02/05,X
11/02/05,X
12/02/05,X
13/02/05,X
14/02/05,X
15/02/05,X
16/02/05,X
17/02/05,X
18/02/05,X
19/02/05,X
20/02/05,X
21/02/05,X
22/02/05,X
23/02/05,X
24/02/05,X
25/02/05,X
26/02/05,X
27/02/05,X
28/02/05,X
01/03/05,X
02/03/05,X
03/03/05,X
04/03/05,X
05/03/05,X
06/03/05,X
07/03/05,X
08/03/05,X
09/03/05,X
10/03/05,X
11/03/05,X
12/03/05,X
13/03/05,X
14/03/05,X
15/03/05,X
16/03/05,X
17/03/05,X
18/03/05,X
19/03/05,X
20/03/05,X
21/03/05,X
22/03/05,X
23/03/05,X
24/03/05,X
25/03/05,X
26/03/05,X
27/03/05,X
28/03/05,X
29/03/05,X
30/03/05,X
31/03/05,X
01/04/05,X
02/04/05,X
03/04/05,X
04/04/05,X
05/04/05,X
06/04/05,X
07/04/05,X
08/04/05,X
09/04/05,X
10/04/05,X
11/04/05,X
12/04/05,X
13/04/05,X
14/04/05,X
15/04/05,X
16/04/05,X
17/04/05,X
18/04/05,X
19/04/05,X
20/04/05,X
21/04/05,X
22/04/05,X
23/04/05,X
24/04/05,X
25/04/05,X
26/04/05,X
27/04/05,X
28/04/05,X
29/04/05,X
30/04/05,X
01/05/05,X
02/05/05,X
03/05/05,X
04/05/05,X
05/05/05,X
06/05/05,X
07/05/05,X
08/05/05,X
09/05/05,X
10/05/05,X
11/05/05,X
12/05/05,X
13/05/05,X
14/05/05,X
15/05/05,X
16/05/05,X
17/05/05,X
18/05/05,X
19/05/05,X
20/05/05,X
21/05/05,X
22/05/05,X
23/05/05,X
24/05/05,X
25/05/05,X
26/05/05,X
27/05/05,X
28/05/05,X
29/05/05,X
30/05/05,X
31/05/05,X
01/06/05,X
02/06/05,X
03/06/05,X
04/06/05,X
05/06/05,X
06/06/05,X
07/06/05,X
08/06/05,X
09/06/05,X
10/06/05,X
11/06/05,X
12/06/05,X
13/06/05,X
14/06/05,X
15/06/05,X
16/06/05,X
17/06/05,X
18/06/05,X
19/06/05,X
20/06/05,X
21/06/05,X
22/06/05,X
23/06/05,X
24/06/05,X
25/06/05,X
26/06/05,X
27/06/05,X
28/06/05,X
29/06/05,X
30/06/05,X
01/07/05,X
02/07/05,X
03/07/05,X
04/07/05,X
05/07/05,X
06/07/05,X
07/07/05,X
08/07/05,X
09/07/05,X
10/07/05,X
11/07/05,X
12/07/05,X
13/07/05,X
14/07/05,X
15/07/05,X
16/07/05,X
17/07/05,X
18/07/05,X
19/07/05,X
20/07/05,X
21/07/05,X
22/07/05,X
23/07/05,X
24/07/05,X
25/07/05,X
26/07/05,X
27/07/05,X
28/07/05,X
29/07/05,X
30/07/05,X
31/07/05,X
01/08/05,X
02/08/05,X
03/08/05,X
04/08/05,X
05/08/05,X
06/08/05,X
07/08/05,X
08/08/05,X
09/08/05,X
10/08/05,X
11/08/05,X
12/08/05,X
13/08/05,X
14/08/05,X
15/08/05,X
16/08/05,X
17/08/05,X
18/08/05,X
19/08/05,X
20/08/05,X
21/08/05,X
22/08/05,X
23/08/05,X
24/08/05,X
25/08/05,X
26/08/05,X
27/08/05,X
28/08/05,X
29/08/05,X
30/08/05,X
31/08/05,X
01/09/05,X
02/09/05,X
03/09/05,X
04/09/05,X
05/09/05,X
06/09/05,X
07/09/05,X
08/09/05,X
09/09/05,X
10/09/05,X
11/09/05,X
12/09/05,X
13/09/05,X
14/09/05,X
15/09/05,X
16/09/05,X
17/09/05,X
18/09/05,X
19/09/05,X
20/09/05,X
21/09/05,X
22/09/05,X
23/09/05,X
24/09/05,X
25/09/05,X
26/09/05,X
27/09/05,X
28/09/05,X
29/09/05,X
30/09/05,X
01/10/05,X
02/10/05,X
03/10/05,X
04/10/05,X
05/10/05,X
06/10/05,X
07/10/05,X
08/10/05,X
09/10/05,X
10/10/05,X
11/10/05,X
12/10/05,X
13/10/05,X
14/10/05,X
15/10/05,X
16/10/05,X
17/10/05,X
18/10/05,X
19/10/05,X
20/10/05,X
21/10/05,X
22/10/05,X
23/10/05,X
24/10/05,X
25/10/05,X
26/10/05,X
27/10/05,X
28/10/05,X
29/10/05,X
30/10/05,X
31/10/05,X
01/11/05,X
02/11/05,X
03/11/05,X
04/11/05,X
05/11/05,X
06/11/05,X
07/11/05,X
08/11/05,X
09/11/05,X
10/11/05,X
11/11/05,X
12/11/05,X
13/11/05,X
14/11/05,X
15/11/05,X
16/11/05,X
17/11/05,X
18/11/05,X
19/11/05,X
20/11/05,X
21/11/05,X
22/11/05,X
23/11/05,X
24/11/05,X
25/11/05,X
26/11/05,X
27/11/05,X
28/11/05,X
29/11/05,X
30/11/05,X
01/12/05,X
02/12/05,X
03/12/05,X
04/12/05,X
05/12/05,X
06/12/05,X
07/12/05,X
08/12/05,X
09/12/05,X
10/12/05,X
11/12/05,X
12/12/05,X
13/12/05,X
14/12/05,X
15/12/05,X
16/12/05,X
17/12/05,X
18/12/05,X
19/12/05,X
20/12/05,X
21/12/05,X
22/12/05,X
23/12/05,X
24/12/05,X
25/12/05,X
26/12/05,X
27/12/05,X
28/12/05,X
29/12/05,X
30/12/05,X
31/12/05,X
01/01/06,X
02/01/06,X
03/01/06,X
04/01/06,X
05/01/06,X
06/01/06,X
07/01/06,X
08/01/06,X
09/01/06,X
10/01/06,X
11/01/06,X
12/01/06,X
13/01/06,X
14/01/06,X
15/01/06,X
16/01/06,X
17/01/06,X
18/01/06,X
19/01/06,X
20/01/06,X
21/01/06,X
22/01/06,X
23/01/06,X
24/01/06,X
25/01/06,X
26/01/06,X
27/01/06,X
28/01/06,X
29/01/06,X
30/01/06,X
31/01/06,X
01/02/06,X
02/02/06,X
03/02/06,X
04/02/06,X
05/02/06,X
06/02/06,X
07/02/06,X
08/02/06,X
09/02/06,X
10/02/06,X
11/02/06,X
12/02/06,X
13/02/06,X
14/02/06,X
15/02/06,X
16/02/06,X
17/02/06,X
18/02/06,X
19/02/06,X
20/02/06,X
21/02/06,X
22/02/06,X
23/02/06,X
24/02/06,X
25/02/06,X
26/02/06,X
27/02/06,X
28/02/06,X
01/03/06,X
02/03/06,X
03/03/06,X
04/03/06,X
05/03/06,X
06/03/06,X
07/03/06,X
08/03/06,X
09/03/06,X
10/03/06,X
11/03/06,X
12/03/06,X
13/03/06,X
14/03/06,X
15/03/06,X
16/03/06,X
17/03/06,X
18/03/06,X
19/03/06,X
20/03/06,X
21/03/06,X
22/03/06,X
23/03/06,X
24/03/06,X
25/03/06,X
26/03/06,X
27/03/06,X
28/03/06,X
29/03/06,X
30/03/06,X
31/03/06,X
01/04/06,X
02/04/06,X
03/04/06,X
04/04/06,X
05/04/06,X
06/04/06,X
07/04/06,X
08/04/06,X
09/04/06,X
10/04/06,X
11/04/06,X
12/04/06,X
13/04/06,X
14/04/06,X
15/04/06,X
16/04/06,X
17/04/06,X
18/04/06,X
19/04/06,X
20/04/06,X
21/04/06,X
22/04/06,X
23/04/06,X
24/04/06,X
25/04/06,X
26/04/06,X
27/04/06,X
28/04/06,X
29/04/06,X
30/04/06,X
01/05/06,X
02/05/06,X
03/05/06,X
04/05/06,X
05/05/06,X
06/05/06,X
07/05/06,X
08/05/06,X
09/05/06,X
10/05/06,X
11/05/06,X
12/05/06,X
13/05/06,X
14/05/06,X
15/05/06,X
16/05/06,X
17/05/06,X
18/05/06,X
19/05/06,X
20/05/06,X
21/05/06,X
22/05/06,X
23/05/06,X
24/05/06,X
25/05/06,X
26/05/06,X
27/05/06,X
28/05/06,X
29/05/06,X
30/05/06,X
31/05/06,X
01/06/06,X
02/06/06,X
03/06/06,X
04/06/06,X
05/06/06,X
06/06/06,X
07/06/06,X
08/06/06,X
09/06/06,X
10/06/06,X
11/06/06,X
12/06/06,X
13/06/06,X
14/06/06,X
15/06/06,X
16/06/06,X
17/06/06,X
18/06/06,X
19/06/06,X
20/06/06,X
21/06/06,X
22/06/06,X
23/06/06,X
24/06/06,X
25/06/06,X
26/06/06,X
27/06/06,X
28/06/06,X
29/06/06,X
30/06/06,X
01/07/06,X
02/07/06,X
03/07/06,X
04/07/06,X
05/07/06,X
06/07/06,X
07/07/06,X
08/07/06,X
09/07/06,X
10/07/06,X
11/07/06,X
12/07/06,X
13/07/06,X
14/07/06,X
15/07/06,X
16/07/06,X
17/07/06,X
18/07/06,X
19/07/06,X
20/07/06,X
21/07/06,X
22/07/06,X
23/07/06,X
24/07/06,X
25/07/06,X
26/07/06,X
27/07/06,X
28/07/06,X
29/07/06,X
30/07/06,X
31/07/06,X
01/08/06,X
02/08/06,X
03/08/06,X
04/08/06,X
05/08/06,X
06/08/06,X
07/08/06,X
08/08/06,X
09/08/06,X
10/08/06,X
11/08/06,X
12/08/06,X
13/08/06,X
14/08/06,X
15/08/06,X
16/08/06,X
17/08/06,X
18/08/06,X
19/08/06,X
20/08/06,X
21/08/06,X
22/08/06,X
23/08/06,X
24/08/06,X
25/08/06,X
26/08/06,X
27/08/06,X
28/08/06,X
29/08/06,X
30/08/06,X
31/08/06,X
01/09/06,X
02/09/06,X
03/09/06,X
04/09/06,X
05/09/06,X
06/09/06,X
07/09/06,X
08/09/06,X
09/09/06,X
10/09/06,X
11/09/06,X
12/09/06,X
13/09/06,X
14/09/06,X
15/09/06,X
16/09/06,X
17/09/06,X
18/09/06,X
19/09/06,X
20/09/06,X
21/09/06,X
22/09/06,X
23/09/06,X
24/09/06,X
25/09/06,X
26/09/06,X
27/09/06,X
28/09/06,X
29/09/06,X
30/09/06,X
01/10/06,X
02/10/06,X
03/10/06,X
04/10/06,X
05/10/06,X
06/10/06,X
07/10/06,X
08/10/06,X
09/10/06,X
10/10/06,X
11/10/06,X
12/10/06,X
13/10/06,X
14/10/06,X
15/10/06,X
16/10/06,X
17/10/06,X
18/10/06,X
19/10/06,X
20/10/06,X
21/10/06,X
22/10/06,X
23/10/06,X
24/10/06,X
25/10/06,X
26/10/06,X
27/10/06,X
28/10/06,X
29/10/06,X
30/10/06,X
31/10/06,X
01/11/06,X
02/11/06,X
03/11/06,X
04/11/06,X
05/11/06,X
06/11/06,X
07/11/06,X
08/11/06,X
09/11/06,X
10/11/06,X
11/11/06,X
12/11/06,X
13/11/06,X
14/11/06,X
15/11/06,X
16/11/06,X
17/11/06,X
18/11/06,X
19/11/06,X
20/11/06,X
21/11/06,X
22/11/06,X
23/11/06,X
24/11/06,X
25/11/06,X
26/11/06,X
27/11/06,X
28/11/06,X
29/11/06,X
30/11/06,X
01/12/06,X
02/12/06,X
03/12/06,X
04/12/06,X
05/12/06,X
06/12/06,X
07/12/06,X
08/12/06,X
09/12/06,X
10/12/06,X
11/12/06,X
12/12/06,X
13/12/06,X
14/12/06,X
15/12/06,X
16/12/06,X
17/12/06,X
18/12/06,X
19/12/06,X
20/12/06,X
21/12/06,X
22/12/06,X
23/12/06,X
24/12/06,X
25/12/06,X
26/12/06,X
27/12/06,X
28/12/06,X
29/12/06,X
30/12/06,X
31/12/06,X
01/01/07,X
02/01/07,X
03/01/07,X
04/01/07,X
05/01/07,X
06/01/07,X
07/01/07,X
08/01/07,X
09/01/07,X
10/01/07,X
11/01/07,X
12/01/07,X
13/01/07,X
14/01/07,X
15/01/07,X
16/01/07,X
17/01/07,X
18/01/07,X
19/01/07,X
20/01/07,X
21/01/07,X
22/01/07,X
23/01/07,X
24/01/07,X
25/01/07,X
26/01/07,X
27/01/07,X
28/01/07,X
29/01/07,X
30/01/07,X
31/01/07,X
01/02/07,X
02/02/07,X
03/02/07,X
04/02/07,X
05/02/07,X
06/02/07,X
07/02/07,X
08/02/07,X
09/02/07,X
10/02/07,X
11/02/07,X
12/02/07,X
13/02/07,X
14/02/07,X
15/02/07,X
16/02/07,X
17/02/07,X
18/02/07,X
19/02/07,X
20/02/07,X
21/02/07,X
22/02/07,X
23/02/07,X
24/02/07,X
25/02/07,X
26/02/07,X
27/02/07,X
28/02/07,X
01/03/07,X
02/03/07,X
03/03/07,X
04/03/07,X
05/03/07,X
06/03/07,X
07/03/07,X
08/03/07,X
09/03/07,X
10/03/07,X
11/03/07,X
12/03/07,X
13/03/07,X
14/03/07,X
15/03/07,X
16/03/07,X
17/03/07,X
18/03/07,X
19/03/07,X
20/03/07,X
21/03/07,X
22/03/07,X
23/03/07,X
24/03/07,X
25/03/07,X
26/03/07,X
27/03/07,X
28/03/07,X
29/03/07,X
30/03/07,X
31/03/07,X
01/04/07,X
02/04/07,X
03/04/07,X
04/04/07,X
05/04/07,X
06/04/07,X
07/04/07,X
08/04/07,X
09/04/07,X
10/04/07,X
11/04/07,X
12/04/07,X
13/04/07,X
14/04/07,X
15/04/07,X
16/04/07,X
17/04/07,X
18/04/07,X
19/04/07,X
20/04/07,X
21/04/07,X
22/04/07,X
23/04/07,X
24/04/07,X
25/04/07,X
26/04/07,X
27/04/07,X
28/04/07,X
29/04/07,X
30/04/07,X
01/05/07,X
02/05/07,X
03/05/07,X
04/05/07,X
05/05/07,X
06/05/07,X
07/05/07,X
08/05/07,X
09/05/07,X
10/05/07,X
11/05/07,X
12/05/07,X
13/05/07,X
14/05/07,X
15/05/07,X
16/05/07,X
17/05/07,X
18/05/07,X
19/05/07,X
20/05/07,X
21/05/07,X
22/05/07,X
23/05/07,X
24/05/07,X
25/05/07,X
26/05/07,X
27/05/07,X
28/05/07,X
29/05/07,X
30/05/07,X
31/05/07,X
01/06/07,X
02/06/07,X
03/06/07,X
04/06/07,X
05/06/07,X
06/06/07,X
07/06/07,X
08/06/07,X
09/06/07,X
10/06/07,X
11/06/07,X
12/06/07,X
13/06/07,X
14/06/07,X
15/06/07,X
16/06/07,X
17/06/07,X
18/06/07,X
19/06/07,X
20/06/07,X
21/06/07,X
22/06/07,X
23/06/07,X
24/06/07,X
25/06/07,X
26/06/07,X
27/06/07,X
28/06/07,X
29/06/07,X
30/06/07,X
01/07/07,X
02/07/07,X
03/07/07,X
04/07/07,X
05/07/07,X
06/07/07,X
07/07/07,X
08/07/07,X
09/07/07,X
10/07/07,X
11/07/07,X
12/07/07,X
13/07/07,X
14/07/07,X
15/07/07,X
16/07/07,X
17/07/07,X
18/07/07,X
19/07/07,X
20/07/07,X
21/07/07,X
22/07/07,X
23/07/07,X
24/07/07,X
25/07/07,X
26/07/07,X
27/07/07,X
28/07/07,X
29/07/07,X
30/07/07,X
31/07/07,X
01/08/07,X
02/08/07,X
03/08/07,X
04/08/07,X
05/08/07,X
06/08/07,X
07/08/07,X
08/08/07,X
09/08/07,X
10/08/07,X
11/08/07,X
12/08/07,X
13/08/07,X
14/08/07,X
15/08/07,X
16/08/07,X
17/08/07,X
18/08/07,X
19/08/07,X
20/08/07,X
21/08/07,X
22/08/07,X
23/08/07,X
24/08/07,X
25/08/07,X
26/08/07,X
27/08/07,X
28/08/07,X
29/08/07,X
30/08/07,X
31/08/07,X
01/09/07,X
02/09/07,X
03/09/07,X
04/09/07,X
05/09/07,X
06/09/07,X
07/09/07,X
08/09/07,X
09/09/07,X
10/09/07,X
11/09/07,X
12/09/07,X
13/09/07,X
14/09/07,X
15/09/07,X
16/09/07,X
17/09/07,X
18/09/07,X
19/09/07,X
20/09/07,X
21/09/07,X
22/09/07,X
23/09/07,X
24/09/07,X
25/09/07,X
26/09/07,X
27/09/07,X
28/09/07,X
29/09/07,X
30/09/07,X
01/10/07,X
02/10/07,X
03/10/07,X
04/10/07,X
05/10/07,X
06/10/07,X
07/10/07,X
08/10/07,X
09/10/07,X
10/10/07,X
11/10/07,X
12/10/07,X
13/10/07,X
14/10/07,X
15/10/07,X
16/10/07,X
17/10/07,X
18/10/07,X
19/10/07,X
20/10/07,X
21/10/07,X
22/10/07,X
23/10/07,X
24/10/07,X
25/10/07,X
26/10/07,X
27/10/07,X
28/10/07,X
29/10/07,X
30/10/07,X
31/10/07,X
01/11/07,X
02/11/07,X
03/11/07,X
04/11/07,X
05/11/07,X
06/11/07,X
07/11/07,X
08/11/07,X
09/11/07,X
10/11/07,X
11/11/07,X
12/11/07,X
13/11/07,X
14/11/07,X
15/11/07,X
16/11/07,X
17/11/07,X
18/11/07,X
19/11/07,X
20/11/07,X
21/11/07,X
22/11/07,X
23/11/07,X
24/11/07,X
25/11/07,X
26/11/07,X
27/11/07,X
28/11/07,X
29/11/07,X
30/11/07,X
01/12/07,X
02/12/07,X
03/12/07,X
04/12/07,X
05/12/07,X
06/12/07,X
07/12/07,X
08/12/07,X
09/12/07,X
10/12/07,X
11/12/07,X
12/12/07,X
13/12/07,X
14/12/07,X
15/12/07,X
16/12/07,X
17/12/07,X
18/12/07,X
19/12/07,X
20/12/07,X
21/12/07,X
22/12/07,X
23/12/07,X
24/12/07,X
25/12/07,X
26/12/07,X
27/12/07,X
28/12/07,X
29/12/07,X
30/12/07,X
31/12/07,X
01/01/08,X
02/01/08,X
03/01/08,X
04/01/08,X
05/01/08,X
06/01/08,X
07/01/08,X
08/01/08,X
09/01/08,X
10/01/08,X
11/01/08,X
12/01/08,X
13/01/08,X
14/01/08,X
15/01/08,X
16/01/08,X
17/01/08,X
18/01/08,X
19/01/08,X
20/01/08,X
21/01/08,X
22/01/08,X
23/01/08,X
24/01/08,X
25/01/08,X
26/01/08,X
27/01/08,X
28/01/08,X
29/01/08,X
30/01/08,X
31/01/08,X
01/02/08,X
02/02/08,X
03/02/08,X
04/02/08,X
05/02/08,X
06/02/08,X
07/02/08,X
08/02/08,X
09/02/08,X
10/02/08,X
11/02/08,X
12/02/08,X
13/02/08,X
14/02/08,X
15/02/08,X
16/02/08,X
17/02/08,X
18/02/08,X
19/02/08,X
20/02/08,X
21/02/08,X
22/02/08,X
23/02/08,X
24/02/08,X
25/02/08,X
26/02/08,X
27/02/08,X
28/02/08,X
29/02/08,X
01/03/08,X
02/03/08,X
03/03/08,X
04/03/08,X
05/03/08,X
06/03/08,X
07/03/08,X
08/03/08,X
09/03/08,X
10/03/08,X
11/03/08,X
12/03/08,X
13/03/08,X
14/03/08,X
15/03/08,X
16/03/08,X
17/03/08,X
18/03/08,X
19/03/08,X
20/03/08,X
21/03/08,X
22/03/08,X
23/03/08,X
24/03/08,X
25/03/08,X
26/03/08,X
27/03/08,X
28/03/08,X
29/03/08,X
30/03/08,X
31/03/08,X
01/04/08,X
02/04/08,X
03/04/08,X
04/04/08,X
05/04/08,X
06/04/08,X
07/04/08,X
08/04/08,X
09/04/08,X
10/04/08,X
11/04/08,X
12/04/08,X
13/04/08,X
14/04/08,X
15/04/08,X
16/04/08,X
17/04/08,X
18/04/08,X
19/04/08,X
20/04/08,X
21/04/08,X
22/04/08,X
23/04/08,X
24/04/08,X
25/04/08,X
26/04/08,X
27/04/08,X
28/04/08,X
29/04/08,X
30/04/08,X
01/05/08,X
02/05/08,X
03/05/08,X
04/05/08,X
05/05/08,X
06/05/08,X
07/05/08,X
08/05/08,X
09/05/08,X
10/05/08,X
11/05/08,X
12/05/08,X
13/05/08,X
14/05/08,X
15/05/08,X
16/05/08,X
17/05/08,X
18/05/08,X
19/05/08,X
20/05/08,X
21/05/08,X
22/05/08,X
23/05/08,X
24/05/08,X
25/05/08,X
26/05/08,X
27/05/08,X
28/05/08,X
29/05/08,X
30/05/08,X
31/05/08,X
01/06/08,X
02/06/08,X
03/06/08,X
04/06/08,X
05/06/08,X
06/06/08,X
07/06/08,X
08/06/08,X
09/06/08,X
10/06/08,X
11/06/08,X
12/06/08,X
13/06/08,X
14/06/08,X
15/06/08,X
16/06/08,X
17/06/08,X
18/06/08,X
19/06/08,X
20/06/08,X
21/06/08,X
22/06/08,X
23/06/08,X
24/06/08,X
25/06/08,X
26/06/08,X
27/06/08,X
28/06/08,X
29/06/08,X
30/06/08,X
01/07/08,X
02/07/08,X
03/07/08,X
04/07/08,X
05/07/08,X
06/07/08,X
07/07/08,X
08/07/08,X
09/07/08,X
10/07/08,X
11/07/08,X
12/07/08,X
13/07/08,X
14/07/08,X
15/07/08,X
16/07/08,X
17/07/08,X
18/07/08,X
19/07/08,X
20/07/08,X
21/07/08,X
22/07/08,X
23/07/08,X
24/07/08,X
25/07/08,X
26/07/08,X
27/07/08,X
28/07/08,X
29/07/08,X
30/07/08,X
31/07/08,X
01/08/08,X
02/08/08,X
03/08/08,X
04/08/08,X
05/08/08,X
06/08/08,X
07/08/08,X
08/08/08,X
09/08/08,X
10/08/08,X
11/08/08,X
12/08/08,X
13/08/08,X
14/08/08,X
15/08/08,X
16/08/08,X
17/08/08,X
18/08/08,X
19/08/08,X
20/08/08,X
21/08/08,X
22/08/08,X
23/08/08,X
24/08/08,X
25/08/08,X
26/08/08,X
27/08/08,X
28/08/08,X
29/08/08,X
30/08/08,X
31/08/08,X
01/09/08,X
02/09/08,X
03/09/08,X
04/09/08,X
05/09/08,X
06/09/08,X
07/09/08,X
08/09/08,X
09/09/08,X
10/09/08,X
11/09/08,X
12/09/08,X
13/09/08,X
14/09/08,X
15/09/08,X
16/09/08,X
17/09/08,X
18/09/08,X
19/09/08,X
20/09/08,X
21/09/08,X
22/09/08,X
23/09/08,X
24/09/08,X
25/09/08,X
26/09/08,X
27/09/08,X
28/09/08,X
29/09/08,X
30/09/08,X
01/10/08,X
02/10/08,X
03/10/08,X
04/10/08,X
05/10/08,X
06/10/08,X
07/10/08,X
08/10/08,X
09/10/08,X
10/10/08,X
11/10/08,X
12/10/08,X
13/10/08,X
14/10/08,X
15/10/08,X
16/10/08,X
17/10/08,X
18/10/08,X
19/10/08,X
20/10/08,X
21/10/08,X
22/10/08,X
23/10/08,X
24/10/08,X
25/10/08,X
26/10/08,X
27/10/08,X
28/10/08,X
29/10/08,X
30/10/08,X
31/10/08,X
01/11/08,X
02/11/08,X
03/11/08,X
04/11/08,X
05/11/08,X
06/11/08,X
07/11/08,X
08/11/08,X
09/11/08,X
10/11/08,X
11/11/08,X
12/11/08,X
13/11/08,X
14/11/08,X
15/11/08,X
16/11/08,X
17/11/08,X
18/11/08,X
19/11/08,X
20/11/08,X
21/11/08,X
22/11/08,X
23/11/08,X
24/11/08,X
25/11/08,X
26/11/08,X
27/11/08,X
28/11/08,X
29/11/08,X
30/11/08,X
01/12/08,X
02/12/08,X
03/12/08,X
04/12/08,X
05/12/08,X
06/12/08,X
07/12/08,X
08/12/08,X
09/12/08,X
10/12/08,X
11/12/08,X
12/12/08,X
13/12/08,X
14/12/08,X
15/12/08,X
16/12/08,X
17/12/08,X
18/12/08,X
19/12/08,X
20/12/08,X
21/12/08,X
22/12/08,X
23/12/08,X
24/12/08,X
25/12/08,X
26/12/08,X
27/12/08,X
28/12/08,X
29/12/08,X
30/12/08,X
31/12/08,X
01/01/09,X
02/01/09,X
03/01/09,X
04/01/09,X
05/01/09,X
06/01/09,X
07/01/09,X
08/01/09,X
09/01/09,X
10/01/09,X
11/01/09,X
12/01/09,X
13/01/09,X
14/01/09,X
15/01/09,X
16/01/09,X
17/01/09,X
18/01/09,X
19/01/09,X
20/01/09,X
21/01/09,X
22/01/09,X
23/01/09,X
24/01/09,X
25/01/09,X
26/01/09,X
27/01/09,X
28/01/09,X
29/01/09,X
30/01/09,X
31/01/09,X
01/02/09,X
02/02/09,X
03/02/09,X
04/02/09,X
05/02/09,X
06/02/09,X
07/02/09,X
08/02/09,X
09/02/09,X
10/02/09,X
11/02/09,X
12/02/09,X
13/02/09,X
14/02/09,X
15/02/09,X
16/02/09,X
17/02/09,X
18/02/09,X
19/02/09,X
20/02/09,X
21/02/09,X
22/02/09,X
23/02/09,X
24/02/09,X
25/02/09,X
26/02/09,X
27/02/09,X
28/02/09,X
01/03/09,X
02/03/09,X
03/03/09,X
04/03/09,X
05/03/09,X
06/03/09,X
07/03/09,X
08/03/09,X
09/03/09,X
10/03/09,X
11/03/09,X
12/03/09,X
13/03/09,X
14/03/09,X
15/03/09,X
16/03/09,X
17/03/09,X
18/03/09,X
19/03/09,X
20/03/09,X
21/03/09,X
22/03/09,X
23/03/09,X
24/03/09,X
25/03/09,X
26/03/09,X
27/03/09,X
28/03/09,X
29/03/09,X
30/03/09,X
31/03/09,X
01/04/09,X
02/04/09,X
03/04/09,X
04/04/09,X
05/04/09,X
06/04/09,X
07/04/09,X
08/04/09,X
09/04/09,X
10/04/09,X
11/04/09,X
12/04/09,X
13/04/09,X
14/04/09,X
15/04/09,X
16/04/09,X
17/04/09,X
18/04/09,X
19/04/09,X
20/04/09,X
21/04/09,X
22/04/09,X
23/04/09,X
24/04/09,X
25/04/09,X
26/04/09,X
27/04/09,X
28/04/09,X
29/04/09,X
30/04/09,X
01/05/09,X
02/05/09,X
03/05/09,X
04/05/09,X
05/05/09,X
06/05/09,X
07/05/09,X
08/05/09,X
09/05/09,X
10/05/09,X
11/05/09,X
12/05/09,X
13/05/09,X
14/05/09,X
15/05/09,X
16/05/09,X
17/05/09,X
18/05/09,X
19/05/09,X
20/05/09,X
21/05/09,X
22/05/09,X
23/05/09,X
24/05/09,X
25/05/09,X
26/05/09,X
27/05/09,X
28/05/09,X
29/05/09,X
30/05/09,X
31/05/09,X
01/06/09,X
02/06/09,X
03/06/09,X
04/06/09,X
05/06/09,X
06/06/09,X
07/06/09,X
08/06/09,X
09/06/09,X
10/06/09,X
11/06/09,X
12/06/09,X
13/06/09,X
14/06/09,X
15/06/09,X
16/06/09,X
17/06/09,X
18/06/09,X
19/06/09,X
20/06/09,X
21/06/09,X
22/06/09,X
23/06/09,X
24/06/09,X
25/06/09,X
26/06/09,X
27/06/09,X
28/06/09,X
29/06/09,X
30/06/09,X
01/07/09,X
02/07/09,X
03/07/09,X
04/07/09,X
05/07/09,X
06/07/09,X
07/07/09,X
08/07/09,X
09/07/09,X
10/07/09,X
11/07/09,X
12/07/09,X
13/07/09,X
14/07/09,X
15/07/09,X
16/07/09,X
17/07/09,X
18/07/09,X
19/07/09,X
20/07/09,X
21/07/09,X
22/07/09,X
23/07/09,X
24/07/09,X
25/07/09,X
26/07/09,X
27/07/09,X
28/07/09,X
29/07/09,X
30/07/09,X
31/07/09,X
01/08/09,X
02/08/09,X
03/08/09,X
04/08/09,X
05/08/09,X
06/08/09,X
07/08/09,X
08/08/09,X
09/08/09,X
10/08/09,X
11/08/09,X
12/08/09,X
13/08/09,X
14/08/09,X
15/08/09,X
16/08/09,X
17/08/09,X
18/08/09,X
19/08/09,X
20/08/09,X
21/08/09,X
22/08/09,X
23/08/09,X
24/08/09,X
25/08/09,X
26/08/09,X
27/08/09,X
28/08/09,X
29/08/09,X
30/08/09,X
31/08/09,X
01/09/09,X
02/09/09,X
03/09/09,X
04/09/09,X
05/09/09,X
06/09/09,X
07/09/09,X
08/09/09,X
09/09/09,X
10/09/09,X
11/09/09,X
12/09/09,X
13/09/09,X
14/09/09,X
15/09/09,X
16/09/09,X
17/09/09,X
18/09/09,X
19/09/09,X
20/09/09,X
21/09/09,X
22/09/09,X
23/09/09,X
24/09/09,X
25/09/09,X
26/09/09,X
27/09/09,X
28/09/09,X
29/09/09,X
30/09/09,X
01/10/09,X
02/10/09,X
03/10/09,X
04/10/09,X
05/10/09,X
06/10/09,X
07/10/09,X
08/10/09,X
09/10/09,X
10/10/09,X
11/10/09,X
12/10/09,X
13/10/09,X
14/10/09,X
15/10/09,X
16/10/09,X
17/10/09,X
18/10/09,X
19/10/09,X
20/10/09,X
21/10/09,X
22/10/09,X
23/10/09,X
24/10/09,X
25/10/09,X
26/10/09,X
27/10/09,X
28/10/09,X
29/10/09,X
30/10/09,X
31/10/09,X
01/11/09,X
02/11/09,X
03/11/09,X
04/11/09,X
05/11/09,X
06/11/09,X
07/11/09,X
08/11/09,X
09/11/09,X
10/11/09,X
11/11/09,X
12/11/09,X
13/11/09,X
14/11/09,X
15/11/09,X
16/11/09,X
17/11/09,X
18/11/09,X
19/11/09,X
20/11/09,X
21/11/09,X
22/11/09,X
23/11/09,X
24/11/09,X
25/11/09,X
26/11/09,X
27/11/09,X
28/11/09,X
29/11/09,X
30/11/09,X
01/12/09,X
02/12/09,X
03/12/09,X
04/12/09,X
05/12/09,X
06/12/09,X
07/12/09,X
08/12/09,X
09/12/09,X
10/12/09,X
11/12/09,X
12/12/09,X
13/12/09,X
14/12/09,X
15/12/09,X
16/12/09,X
17/12/09,X
18/12/09,X
19/12/09,X
20/12/09,X
21/12/09,X
22/12/09,X
23/12/09,X
24/12/09,X
25/12/09,X
26/12/09,X
27/12/09,X
28/12/09,X
29/12/09,X
30/12/09,X
31/12/09,X
